"region",district_id,"district_Name",major_district_id_good,"major_district_name_good",possible voters,total ballots cast,total valid ballots cast,percent voters voting,votes 8-12,votes 12-17,votes 17-20,avg votes/precinct 8-12,avg votes/precinct 12-17,avg votes/precinct 17-20,vpm 8-12,vpm 12-17,vpm 17-20,avg vpm/precinct 8-12,avg vpm/precinct 12-17,avg vpm/precinct 17-20,num precincts vpm 8-12 > 3,num precincts vpm 12-17 > 3,num precincts vpm 17-20 > 3,2 - Alliance for Georgia,2 - Alliance for Georgia vote share,3 - Topadze-industrialists,3 - Topadze-industrialists vote share,5- United National Movement,5- United National Movement vote share,6 - Union of sportsmen,6 - Union of sportsmen vote share,7 - National council,7 - National council vote share,8 - Radical-democrats national party,8 - Radical-democrats national party vote share,10 - Christian-democratic movement,10 - Christian-democratic movement vote share,12 - Our country,12 - Our country vote share,14 - Future Georgia,14 - Future Georgia vote share,15 - Freedom party,15 - Freedom party vote share,16 - Future Party,16 - Future Party vote share,17 - National Democratic Party,17 - National Democratic Party vote share,18 - Solidarity,18 - Solidarity vote share,19 - Mamulishvili,19 - Mamulishvili vote share,21 - Tortladze- democratic party,21 - Tortladze- democratic party vote share,23 - National alliance of all Georgia,23 - National alliance of all Georgia vote share,25 - Ivanishvili-Public democrats,25 - Ivanishvili-Public democrats vote share
"Tbilisi",7,"Chugureti",1,"7-1",54564,27421,26104,47.8411,10564,12305,4552,257.6585,300.1220,111.0244,44.0167,68.3611,15.1733,1.07357724,1.66734417,0.55512195,0,0,0,4524,17.3307,1225,4.6928,14609,55.9646,NULL,NULL,2289,8.7688,155,0.5938,2224,8.5198,NULL,NULL,NULL,NULL,71,0.2720,76,0.2911,NULL,NULL,180,0.6895,NULL,NULL,211,0.8083,NULL,NULL,472,1.8082
"Tbilisi",8,"Didube",1,"8-1",42088,22738,21581,51.2759,9385,10383,2970,284.3939,314.6364,90.0000,39.1042,57.6833,9.9000,1.18497475,1.74797980,0.45000000,1,0,0,NULL,NULL,1389,6.4362,11617,53.8298,NULL,NULL,4395,20.3651,NULL,NULL,3480,16.1253,NULL,NULL,NULL,NULL,238,1.1028,NULL,NULL,NULL,NULL,NULL,NULL,NULL,NULL,81,0.3753,NULL,NULL,251,1.1631
"Tbilisi",8,"Didube",2,"8-2",26701,13969,13378,50.1030,5747,6362,1860,273.6667,302.9524,88.5714,23.9458,35.3444,6.2000,1.14027778,1.68306878,0.44285714,0,0,0,3393,25.3625,449,3.3563,7049,52.6910,NULL,NULL,744,5.5614,NULL,NULL,1384,10.3453,NULL,NULL,NULL,NULL,70,0.5232,NULL,NULL,NULL,NULL,NULL,NULL,NULL,NULL,60,0.4485,NULL,NULL,197,1.4726
"Tbilisi",10,"Gldani",1,"10-1",33526,13545,13019,38.8325,5912,5474,2159,227.3846,210.5385,83.0385,24.6333,30.4111,7.1967,0.94743590,1.16965812,0.41519231,0,0,0,1406,10.7996,661,5.0772,7697,59.1213,NULL,NULL,1109,8.5183,98,0.7527,1767,13.5725,NULL,NULL,NULL,NULL,134,1.0293,NULL,NULL,NULL,NULL,NULL,NULL,NULL,NULL,41,0.3149,NULL,NULL,79,0.6068
"Tbilisi",10,"Gldani",2,"10-2",40202,16460,15624,38.8637,7160,6964,2336,238.6667,232.1333,77.8667,29.8333,38.6889,7.7867,0.99444444,1.28962963,0.38933333,0,0,0,NULL,NULL,1453,9.2998,9403,60.1831,NULL,NULL,2050,13.1208,337,2.1569,1724,11.0343,NULL,NULL,NULL,NULL,246,1.5745,NULL,NULL,NULL,NULL,NULL,NULL,NULL,NULL,159,1.0177,NULL,NULL,177,1.1329
"Tbilisi",10,"Gldani",3,"10-3",44652,16869,16223,36.3321,7406,7338,2125,231.4375,229.3125,66.4063,30.8583,40.7667,7.0833,0.96432292,1.27395833,0.33203125,0,0,0,2093,12.9014,920,5.6710,8906,54.8974,NULL,NULL,1460,8.9996,128,0.7890,2175,13.4069,NULL,NULL,NULL,NULL,81,0.4993,NULL,NULL,NULL,NULL,198,1.2205,NULL,NULL,171,1.0541,NULL,NULL,59,0.3637
"Tbilisi",10,"Gldani",4,"10-4",28074,12589,12258,43.6632,5505,5296,1788,262.1429,252.1905,85.1429,22.9375,29.4222,5.9600,1.09226190,1.40105820,0.42571429,0,0,0,1654,13.4932,421,3.4345,7394,60.3198,NULL,NULL,776,6.3306,86,0.7016,1675,13.6645,NULL,NULL,NULL,NULL,82,0.6690,NULL,NULL,NULL,NULL,NULL,NULL,NULL,NULL,25,0.2039,NULL,NULL,134,1.0932
"Tbilisi",5,"Isani",1,"5-1",39694,15973,15291,38.5222,6248,6967,2758,231.4074,258.0370,102.1481,26.0333,38.7056,9.1933,0.96419753,1.43353909,0.51074074,0,0,0,2686,17.5659,606,3.9631,8903,58.2238,NULL,NULL,1214,7.9393,123,0.8044,1481,9.6854,NULL,NULL,NULL,NULL,NULL,NULL,NULL,NULL,NULL,NULL,NULL,NULL,NULL,NULL,177,1.1575,NULL,NULL,82,0.5363
"Tbilisi",5,"Isani",2,"5-2",28641,12679,12186,42.5474,5203,5472,2004,260.1500,273.6000,100.2000,21.6792,30.4000,6.6800,1.08395833,1.52000000,0.50100000,0,0,0,1362,11.1768,433,3.5533,7769,63.7535,NULL,NULL,999,8.1979,134,1.0996,1120,9.1909,NULL,NULL,NULL,NULL,58,0.4760,NULL,NULL,NULL,NULL,251,2.0597,NULL,NULL,NULL,NULL,NULL,NULL,53,0.4349
"Tbilisi",5,"Isani",3,"5-3",41331,16849,15948,38.5860,7122,7280,2447,245.5862,251.0345,84.3793,29.6750,40.4444,8.1567,1.02327586,1.39463602,0.42189655,0,0,0,2974,18.6481,858,5.3800,8800,55.1793,NULL,NULL,1297,8.1327,129,0.8089,NULL,NULL,NULL,NULL,NULL,NULL,138,0.8653,NULL,NULL,NULL,NULL,NULL,NULL,NULL,NULL,186,1.1663,NULL,NULL,1535,9.6250
"Tbilisi",4,"Krtsanisi",1,"4-1",42814,18496,17863,41.7223,6683,7614,4199,208.8438,237.9375,131.2188,27.8458,42.3000,13.9967,0.87018229,1.32187500,0.65609375,0,0,1,3341,18.7035,716,4.0083,10204,57.1237,NULL,NULL,997,5.5814,NULL,NULL,1854,10.3790,NULL,NULL,NULL,NULL,85,0.4758,NULL,NULL,NULL,NULL,356,1.9929,NULL,NULL,117,0.6550,NULL,NULL,158,0.8845
"Tbilisi",1,"Mtatsminda",1,"1-1",49624,29184,28276,56.9805,10716,13534,4934,282.0000,356.1579,129.8421,44.6500,75.1889,16.4467,1.17500000,1.97865497,0.64921053,1,1,1,6998,24.7489,996,3.5224,17162,60.6946,NULL,NULL,999,3.5330,138,0.4880,1286,4.5480,NULL,NULL,NULL,NULL,112,0.3961,45,0.1591,NULL,NULL,179,0.6330,NULL,NULL,163,0.5765,NULL,NULL,135,0.4774
"Tbilisi",9,"Nadzaladevi",1,"9-1",29145,14420,13920,47.7612,6055,6246,2119,275.2273,283.9091,96.3182,25.2292,34.7000,7.0633,1.14678030,1.57727273,0.48159091,0,0,0,1747,12.5503,1669,11.9899,8024,57.6437,NULL,NULL,959,6.8894,101,0.7256,1207,8.6710,NULL,NULL,NULL,NULL,40,0.2874,NULL,NULL,NULL,NULL,NULL,NULL,NULL,NULL,116,0.8333,NULL,NULL,46,0.3305
"Tbilisi",9,"Nadzaladevi",2,"9-2",28558,13644,13245,46.3793,5997,5645,2002,299.8500,282.2500,100.1000,24.9875,31.3611,6.6733,1.24937500,1.56805556,0.50050000,0,0,0,2483,18.7467,421,3.1786,7824,59.0713,NULL,NULL,971,7.3311,114,0.8607,1245,9.3998,NULL,NULL,NULL,NULL,36,0.2718,NULL,NULL,NULL,NULL,46,0.3473,NULL,NULL,22,0.1661,NULL,NULL,71,0.5361
"Tbilisi",9,"Nadzaladevi",3,"9-3",32574,16139,15471,47.4949,6738,7162,2239,280.7500,298.4167,93.2917,28.0750,39.7889,7.4633,1.16979167,1.65787037,0.46645833,0,0,0,2779,17.9626,816,5.2744,9060,58.5612,NULL,NULL,943,6.0953,57,0.3684,1562,10.0963,NULL,NULL,NULL,NULL,67,0.4331,NULL,NULL,NULL,NULL,NULL,NULL,NULL,NULL,54,0.3490,NULL,NULL,105,0.6787
"Tbilisi",9,"Nadzaladevi",4,"9-4",38944,18520,17751,45.5808,8459,7930,2131,291.6897,273.4483,73.4828,35.2458,44.0556,7.1033,1.21537356,1.51915709,0.36741379,0,0,0,1942,10.9402,967,5.4476,11223,63.2246,NULL,NULL,1343,7.5658,182,1.0253,1823,10.2698,NULL,NULL,NULL,NULL,81,0.4563,NULL,NULL,NULL,NULL,NULL,NULL,NULL,NULL,76,0.4281,NULL,NULL,99,0.5577
"Tbilisi",3,"Saburtalo",1,"3-1",37025,17162,16407,44.3133,7000,7057,3105,259.2593,261.3704,115.0000,29.1667,39.2056,10.3500,1.08024691,1.45205761,0.57500000,0,0,0,3027,18.4494,945,5.7597,8148,49.6617,NULL,NULL,1366,8.3257,NULL,NULL,1959,11.9400,NULL,NULL,NULL,NULL,103,0.6278,43,0.2621,NULL,NULL,140,0.8533,NULL,NULL,296,1.8041,NULL,NULL,361,2.2003
"Tbilisi",3,"Saburtalo",2,"3-2",43388,21045,20181,46.5129,7576,10047,3422,252.5333,334.9000,114.0667,31.5667,55.8167,11.4067,1.05222222,1.86055556,0.57033333,0,0,0,5658,28.0363,1133,5.6142,9562,47.3812,NULL,NULL,1426,7.0661,NULL,NULL,1519,7.5269,49,0.2428,NULL,NULL,152,0.7532,28,0.1387,NULL,NULL,115,0.5698,NULL,NULL,131,0.6491,NULL,NULL,346,1.7145
"Tbilisi",3,"Saburtalo",3,"3-3",40336,21043,19981,49.5364,7551,10188,3304,260.3793,351.3103,113.9310,31.4625,56.6000,11.0133,1.08491379,1.95172414,0.56965517,0,0,0,6499,32.5259,1296,6.4862,9188,45.9837,NULL,NULL,NULL,NULL,NULL,NULL,1454,7.2769,NULL,NULL,NULL,NULL,900,4.5043,151,0.7557,NULL,NULL,NULL,NULL,NULL,NULL,103,0.5155,NULL,NULL,349,1.7467
"Tbilisi",6,"Samgori",1,"6-1",35704,14212,13472,37.7325,5977,6105,2130,221.3704,226.1111,78.8889,24.9042,33.9167,7.1000,0.92237654,1.25617284,0.39444444,0,0,0,NULL,NULL,943,6.9997,8175,60.6814,NULL,NULL,1395,10.3548,193,1.4326,2206,16.3747,NULL,NULL,NULL,NULL,160,1.1876,NULL,NULL,NULL,NULL,NULL,NULL,NULL,NULL,265,1.9670,NULL,NULL,110,0.8165
"Tbilisi",6,"Samgori",2,"6-2",41359,16688,16101,38.9299,6941,6802,2945,223.9032,219.4194,95.0000,28.9208,37.7889,9.8167,0.93293011,1.21899642,0.47500000,0,0,1,2075,12.8874,690,4.2854,9174,56.9778,NULL,NULL,2284,14.1855,77,0.4782,1426,8.8566,NULL,NULL,NULL,NULL,63,0.3913,NULL,NULL,NULL,NULL,NULL,NULL,NULL,NULL,97,0.6024,NULL,NULL,124,0.7701
"Tbilisi",6,"Samgori",3,"6-3",26996,11992,11479,42.5211,5233,4464,2295,218.0417,186.0000,95.6250,21.8042,24.8000,7.6500,0.90850694,1.03333333,0.47812500,0,0,1,1192,10.3842,587,5.1137,6411,55.8498,NULL,NULL,682,5.9413,84,0.7318,2121,18.4772,NULL,NULL,NULL,NULL,NULL,NULL,NULL,NULL,NULL,NULL,164,1.4287,NULL,NULL,152,1.3242,NULL,NULL,61,0.5314
"Tbilisi",6,"Samgori",4,"6-4",40517,16310,15518,38.3000,6475,6607,3228,202.3438,206.4688,100.8750,26.9792,36.7056,10.7600,0.84309896,1.14704861,0.50437500,0,0,1,2074,13.3651,1017,6.5537,9024,58.1518,NULL,NULL,1105,7.1208,187,1.2051,1798,11.5865,NULL,NULL,NULL,NULL,NULL,NULL,51,0.3287,NULL,NULL,NULL,NULL,NULL,NULL,41,0.2642,NULL,NULL,206,1.3275
"Tbilisi",2,"Vake",1,"2-1",44957,24069,23150,51.4936,8205,11140,4724,227.9167,309.4444,131.2222,34.1875,61.8889,15.7467,0.94965278,1.71913580,0.65611111,0,0,1,9021,38.9676,809,3.4946,9685,41.8359,NULL,NULL,1083,4.6782,NULL,NULL,1194,5.1577,NULL,NULL,NULL,NULL,131,0.5659,19,0.0821,NULL,NULL,133,0.5745,NULL,NULL,165,0.7127,NULL,NULL,858,3.7063
"Tbilisi",2,"Vake",2,"2-2",48562,24901,23812,49.0342,9503,11874,3524,250.0789,312.4737,92.7368,39.5958,65.9667,11.7467,1.04199561,1.73596491,0.46368421,0,0,0,7865,33.0296,1569,6.5891,10309,43.2933,NULL,NULL,1163,4.8841,NULL,NULL,2008,8.4327,NULL,NULL,NULL,NULL,135,0.5669,NULL,NULL,192,0.8063,NULL,NULL,NULL,NULL,196,0.8231,NULL,NULL,335,1.4069
