"region",district_id,"district_Name",precinct_id,"precinct_name",possible voters,total ballots cast,total valid ballots cast,percent voters voting,votes 8-12,votes 12-17,votes 17-20,vpm 8-12,vpm 12-17,vpm 17-20,5- United National Movement,5- United National Movement vote share,10 - Christian-democratic movement,10 - Christian-democratic movement vote share,16 - Future Party,16 - Future Party vote share,21 - Tortladze- democratic party,21 - Tortladze- democratic party vote share,24 - Movement for fair Georgia,24 - Movement for fair Georgia vote share,25 - Ivanishvili-Public democrats,25 - Ivanishvili-Public democrats vote share
"Kakheti",12,"Gurjaani",1,"12-1",1327,NULL,418,31.4996,NULL,NULL,NULL,NULL,NULL,NULL,321,76.7943,NULL,NULL,4,0.9569,22,5.2632,71,16.9856,NULL,NULL
"Kakheti",12,"Gurjaani",2,"12-2",1291,NULL,488,37.8002,NULL,NULL,NULL,NULL,NULL,NULL,411,84.2213,NULL,NULL,10,2.0492,23,4.7131,44,9.0164,NULL,NULL
"Kakheti",12,"Gurjaani",3,"12-3",1219,NULL,361,29.6144,NULL,NULL,NULL,NULL,NULL,NULL,274,75.9003,NULL,NULL,11,3.0471,26,7.2022,50,13.8504,NULL,NULL
"Kakheti",12,"Gurjaani",4,"12-4",1469,NULL,526,35.8067,NULL,NULL,NULL,NULL,NULL,NULL,431,81.9392,NULL,NULL,8,1.5209,28,5.3232,59,11.2167,NULL,NULL
"Kakheti",12,"Gurjaani",5,"12-5",1303,NULL,392,30.0844,NULL,NULL,NULL,NULL,NULL,NULL,284,72.4490,NULL,NULL,9,2.2959,21,5.3571,78,19.8980,NULL,NULL
"Kakheti",12,"Gurjaani",6,"12-6",1406,NULL,528,37.5533,NULL,NULL,NULL,NULL,NULL,NULL,356,67.4242,NULL,NULL,26,4.9242,35,6.6288,111,21.0227,NULL,NULL
"Kakheti",12,"Gurjaani",7,"12-7",1078,NULL,399,37.0130,NULL,NULL,NULL,NULL,NULL,NULL,280,70.1754,NULL,NULL,40,10.0251,18,4.5113,61,15.2882,NULL,NULL
"Kakheti",12,"Gurjaani",8,"12-8",1036,NULL,348,33.5907,NULL,NULL,NULL,NULL,NULL,NULL,260,74.7126,NULL,NULL,20,5.7471,18,5.1724,50,14.3678,NULL,NULL
"Kakheti",12,"Gurjaani",9,"12-9",1277,NULL,379,29.6789,NULL,NULL,NULL,NULL,NULL,NULL,249,65.6992,NULL,NULL,23,6.0686,28,7.3879,79,20.8443,NULL,NULL
"Kakheti",12,"Gurjaani",10,"12-10",1545,NULL,433,28.0259,NULL,NULL,NULL,NULL,NULL,NULL,308,71.1316,NULL,NULL,68,15.7044,22,5.0808,35,8.0831,NULL,NULL
"Kakheti",12,"Gurjaani",11,"12-11",1569,NULL,386,24.6017,NULL,NULL,NULL,NULL,NULL,NULL,268,69.4301,NULL,NULL,66,17.0984,18,4.6632,34,8.8083,NULL,NULL
"Kakheti",12,"Gurjaani",12,"12-12",939,NULL,515,54.8456,NULL,NULL,NULL,NULL,NULL,NULL,400,77.6699,NULL,NULL,18,3.4951,28,5.4369,69,13.3981,NULL,NULL
"Kakheti",12,"Gurjaani",13,"12-13",361,NULL,204,56.5097,NULL,NULL,NULL,NULL,NULL,NULL,185,90.6863,NULL,NULL,2,0.9804,10,4.9020,7,3.4314,NULL,NULL
"Kakheti",12,"Gurjaani",14,"12-14",1522,NULL,482,31.6689,NULL,NULL,NULL,NULL,NULL,NULL,418,86.7220,NULL,NULL,7,1.4523,10,2.0747,47,9.7510,NULL,NULL
"Kakheti",12,"Gurjaani",15,"12-15",1517,NULL,758,49.9670,NULL,NULL,NULL,NULL,NULL,NULL,742,97.8892,NULL,NULL,8,1.0554,3,0.3958,5,0.6596,NULL,NULL
"Kakheti",12,"Gurjaani",16,"12-16",1511,NULL,680,45.0033,NULL,NULL,NULL,NULL,NULL,NULL,622,91.4706,NULL,NULL,7,1.0294,18,2.6471,33,4.8529,NULL,NULL
"Kakheti",12,"Gurjaani",17,"12-17",1300,NULL,581,44.6923,NULL,NULL,NULL,NULL,NULL,NULL,405,69.7074,NULL,NULL,19,3.2702,39,6.7126,118,20.3098,NULL,NULL
"Kakheti",12,"Gurjaani",18,"12-18",1185,NULL,521,43.9662,NULL,NULL,NULL,NULL,NULL,NULL,321,61.6123,NULL,NULL,26,4.9904,38,7.2937,136,26.1036,NULL,NULL
"Kakheti",12,"Gurjaani",19,"12-19",1250,NULL,395,31.6000,NULL,NULL,NULL,NULL,NULL,NULL,314,79.4937,NULL,NULL,10,2.5316,24,6.0759,47,11.8987,NULL,NULL
"Kakheti",12,"Gurjaani",20,"12-20",850,NULL,442,52.0000,NULL,NULL,NULL,NULL,NULL,NULL,368,83.2579,NULL,NULL,10,2.2624,19,4.2986,45,10.1810,NULL,NULL
"Kakheti",12,"Gurjaani",21,"12-21",272,NULL,102,37.5000,NULL,NULL,NULL,NULL,NULL,NULL,72,70.5882,NULL,NULL,5,4.9020,5,4.9020,20,19.6078,NULL,NULL
"Kakheti",12,"Gurjaani",22,"12-22",1490,NULL,391,26.2416,NULL,NULL,NULL,NULL,NULL,NULL,297,75.9591,NULL,NULL,12,3.0691,38,9.7187,44,11.2532,NULL,NULL
"Kakheti",12,"Gurjaani",23,"12-23",1185,NULL,645,54.4304,NULL,NULL,NULL,NULL,NULL,NULL,580,89.9225,NULL,NULL,7,1.0853,19,2.9457,39,6.0465,NULL,NULL
"Kakheti",12,"Gurjaani",24,"12-24",972,NULL,476,48.9712,NULL,NULL,NULL,NULL,NULL,NULL,367,77.1008,NULL,NULL,7,1.4706,13,2.7311,89,18.6975,NULL,NULL
"Kakheti",12,"Gurjaani",25,"12-25",985,NULL,427,43.3503,NULL,NULL,NULL,NULL,NULL,NULL,264,61.8267,NULL,NULL,14,3.2787,21,4.9180,128,29.9766,NULL,NULL
"Kakheti",12,"Gurjaani",26,"12-26",1527,NULL,509,33.3333,NULL,NULL,NULL,NULL,NULL,NULL,395,77.6031,NULL,NULL,15,2.9470,25,4.9116,74,14.5383,NULL,NULL
"Kakheti",12,"Gurjaani",27,"12-27",1536,NULL,509,33.1380,NULL,NULL,NULL,NULL,NULL,NULL,403,79.1749,NULL,NULL,9,1.7682,26,5.1081,71,13.9489,NULL,NULL
"Kakheti",12,"Gurjaani",28,"12-28",1037,NULL,643,62.0058,NULL,NULL,NULL,NULL,NULL,NULL,558,86.7807,NULL,NULL,8,1.2442,17,2.6439,60,9.3313,NULL,NULL
"Kakheti",12,"Gurjaani",29,"12-29",1473,NULL,466,31.6361,NULL,NULL,NULL,NULL,NULL,NULL,326,69.9571,NULL,NULL,16,3.4335,43,9.2275,81,17.3820,NULL,NULL
"Kakheti",12,"Gurjaani",30,"12-30",934,NULL,425,45.5032,NULL,NULL,NULL,NULL,NULL,NULL,352,82.8235,NULL,NULL,9,2.1176,24,5.6471,40,9.4118,NULL,NULL
"Kakheti",12,"Gurjaani",31,"12-31",1450,NULL,349,24.0690,NULL,NULL,NULL,NULL,NULL,NULL,310,88.8252,NULL,NULL,7,2.0057,5,1.4327,27,7.7364,NULL,NULL
"Kakheti",12,"Gurjaani",32,"12-32",1354,NULL,427,31.5362,NULL,NULL,NULL,NULL,NULL,NULL,380,88.9930,NULL,NULL,3,0.7026,15,3.5129,29,6.7916,NULL,NULL
"Kakheti",12,"Gurjaani",33,"12-33",1477,NULL,387,26.2018,NULL,NULL,NULL,NULL,NULL,NULL,339,87.5969,NULL,NULL,3,0.7752,15,3.8760,30,7.7519,NULL,NULL
"Kakheti",12,"Gurjaani",34,"12-34",841,NULL,504,59.9287,NULL,NULL,NULL,NULL,NULL,NULL,457,90.6746,NULL,NULL,6,1.1905,13,2.5794,28,5.5556,NULL,NULL
"Kakheti",12,"Gurjaani",35,"12-35",1094,NULL,520,47.5320,NULL,NULL,NULL,NULL,NULL,NULL,471,90.5769,NULL,NULL,9,1.7308,8,1.5385,32,6.1538,NULL,NULL
"Kakheti",12,"Gurjaani",36,"12-36",1386,NULL,657,47.4026,NULL,NULL,NULL,NULL,NULL,NULL,580,88.2801,NULL,NULL,8,1.2177,28,4.2618,41,6.2405,NULL,NULL
"Kakheti",12,"Gurjaani",37,"12-37",850,NULL,387,45.5294,NULL,NULL,NULL,NULL,NULL,NULL,328,84.7545,NULL,NULL,11,2.8424,17,4.3928,31,8.0103,NULL,NULL
"Kakheti",12,"Gurjaani",38,"12-38",680,NULL,358,52.6471,NULL,NULL,NULL,NULL,NULL,NULL,295,82.4022,NULL,NULL,11,3.0726,20,5.5866,32,8.9385,NULL,NULL
"Kakheti",12,"Gurjaani",39,"12-39",1254,NULL,609,48.5646,NULL,NULL,NULL,NULL,NULL,NULL,487,79.9672,NULL,NULL,15,2.4631,33,5.4187,74,12.1511,NULL,NULL
"Kakheti",12,"Gurjaani",40,"12-40",496,NULL,348,70.1613,NULL,NULL,NULL,NULL,NULL,NULL,296,85.0575,NULL,NULL,4,1.1494,9,2.5862,39,11.2069,NULL,NULL
"Kakheti",12,"Gurjaani",41,"12-41",1212,NULL,705,58.1683,NULL,NULL,NULL,NULL,NULL,NULL,653,92.6241,NULL,NULL,3,0.4255,5,0.7092,44,6.2411,NULL,NULL
"Kakheti",12,"Gurjaani",42,"12-42",430,NULL,219,50.9302,NULL,NULL,NULL,NULL,NULL,NULL,197,89.9543,NULL,NULL,3,1.3699,8,3.6530,11,5.0228,NULL,NULL
"Kakheti",12,"Gurjaani",43,"12-43",1390,NULL,574,41.2950,NULL,NULL,NULL,NULL,NULL,NULL,482,83.9721,NULL,NULL,24,4.1812,25,4.3554,43,7.4913,NULL,NULL
"Kakheti",12,"Gurjaani",44,"12-44",389,NULL,286,73.5219,NULL,NULL,NULL,NULL,NULL,NULL,270,94.4056,NULL,NULL,2,0.6993,4,1.3986,10,3.4965,NULL,NULL
"Kakheti",12,"Gurjaani",45,"12-45",831,NULL,536,64.5006,NULL,NULL,NULL,NULL,NULL,NULL,415,77.4254,NULL,NULL,2,0.3731,6,1.1194,113,21.0821,NULL,NULL
"Kakheti",12,"Gurjaani",46,"12-46",1052,NULL,430,40.8745,NULL,NULL,NULL,NULL,NULL,NULL,356,82.7907,NULL,NULL,7,1.6279,27,6.2791,40,9.3023,NULL,NULL
"Kakheti",12,"Gurjaani",47,"12-47",1087,NULL,346,31.8307,NULL,NULL,NULL,NULL,NULL,NULL,248,71.6763,NULL,NULL,4,1.1561,22,6.3584,72,20.8092,NULL,NULL
"Kakheti",12,"Gurjaani",48,"12-48",975,NULL,346,35.4872,NULL,NULL,NULL,NULL,NULL,NULL,278,80.3468,NULL,NULL,14,4.0462,14,4.0462,40,11.5607,NULL,NULL
"Kakheti",12,"Gurjaani",49,"12-49",1079,NULL,400,37.0714,NULL,NULL,NULL,NULL,NULL,NULL,332,83.0000,NULL,NULL,4,1.0000,15,3.7500,49,12.2500,NULL,NULL
"Kakheti",12,"Gurjaani",50,"12-50",262,NULL,140,53.4351,NULL,NULL,NULL,NULL,NULL,NULL,97,69.2857,NULL,NULL,6,4.2857,9,6.4286,28,20.0000,NULL,NULL
"Kakheti",12,"Gurjaani",51,"12-51",70,NULL,52,74.2857,NULL,NULL,NULL,NULL,NULL,NULL,50,96.1538,NULL,NULL,0,0.0000,1,1.9231,1,1.9231,NULL,NULL
"Guria",60,"Ozurgeti",1,"60-1",1552,NULL,697,44.9098,NULL,NULL,NULL,NULL,NULL,NULL,604,86.6571,NULL,NULL,NULL,NULL,24,3.4433,69,9.8996,NULL,NULL
"Guria",60,"Ozurgeti",2,"60-2",1339,NULL,519,38.7603,NULL,NULL,NULL,NULL,NULL,NULL,395,76.1079,NULL,NULL,NULL,NULL,22,4.2389,102,19.6532,NULL,NULL
"Guria",60,"Ozurgeti",3,"60-3",1126,NULL,474,42.0959,NULL,NULL,NULL,NULL,NULL,NULL,364,76.7932,NULL,NULL,NULL,NULL,20,4.2194,90,18.9873,NULL,NULL
"Guria",60,"Ozurgeti",4,"60-4",1364,NULL,657,48.1672,NULL,NULL,NULL,NULL,NULL,NULL,449,68.3409,NULL,NULL,NULL,NULL,19,2.8919,189,28.7671,NULL,NULL
"Guria",60,"Ozurgeti",5,"60-5",1295,NULL,531,41.0039,NULL,NULL,NULL,NULL,NULL,NULL,438,82.4859,NULL,NULL,NULL,NULL,11,2.0716,82,15.4426,NULL,NULL
"Guria",60,"Ozurgeti",6,"60-6",1148,NULL,519,45.2091,NULL,NULL,NULL,NULL,NULL,NULL,400,77.0713,NULL,NULL,NULL,NULL,20,3.8536,99,19.0751,NULL,NULL
"Guria",60,"Ozurgeti",7,"60-7",1545,NULL,592,38.3172,NULL,NULL,NULL,NULL,NULL,NULL,449,75.8446,NULL,NULL,NULL,NULL,23,3.8851,120,20.2703,NULL,NULL
"Guria",60,"Ozurgeti",8,"60-8",1498,NULL,648,43.2577,NULL,NULL,NULL,NULL,NULL,NULL,513,79.1667,NULL,NULL,NULL,NULL,19,2.9321,116,17.9012,NULL,NULL
"Guria",60,"Ozurgeti",9,"60-9",1124,NULL,505,44.9288,NULL,NULL,NULL,NULL,NULL,NULL,409,80.9901,NULL,NULL,NULL,NULL,19,3.7624,77,15.2475,NULL,NULL
"Guria",60,"Ozurgeti",10,"60-10",805,NULL,331,41.1180,NULL,NULL,NULL,NULL,NULL,NULL,231,69.7885,NULL,NULL,NULL,NULL,13,3.9275,87,26.2840,NULL,NULL
"Guria",60,"Ozurgeti",11,"60-11",1534,NULL,578,37.6793,NULL,NULL,NULL,NULL,NULL,NULL,435,75.2595,NULL,NULL,NULL,NULL,27,4.6713,116,20.0692,NULL,NULL
"Guria",60,"Ozurgeti",12,"60-12",1199,NULL,570,47.5396,NULL,NULL,NULL,NULL,NULL,NULL,451,79.1228,NULL,NULL,NULL,NULL,14,2.4561,105,18.4211,NULL,NULL
"Guria",60,"Ozurgeti",13,"60-13",987,NULL,434,43.9716,NULL,NULL,NULL,NULL,NULL,NULL,341,78.5714,NULL,NULL,NULL,NULL,21,4.8387,72,16.5899,NULL,NULL
"Guria",60,"Ozurgeti",14,"60-14",694,NULL,377,54.3228,NULL,NULL,NULL,NULL,NULL,NULL,259,68.7003,NULL,NULL,NULL,NULL,23,6.1008,95,25.1989,NULL,NULL
"Guria",60,"Ozurgeti",15,"60-15",363,NULL,244,67.2176,NULL,NULL,NULL,NULL,NULL,NULL,215,88.1148,NULL,NULL,NULL,NULL,5,2.0492,24,9.8361,NULL,NULL
"Guria",60,"Ozurgeti",16,"60-16",1241,NULL,737,59.3876,NULL,NULL,NULL,NULL,NULL,NULL,680,92.2659,NULL,NULL,NULL,NULL,23,3.1208,34,4.6133,NULL,NULL
"Guria",60,"Ozurgeti",17,"60-17",814,NULL,383,47.0516,NULL,NULL,NULL,NULL,NULL,NULL,295,77.0235,NULL,NULL,NULL,NULL,9,2.3499,79,20.6266,NULL,NULL
"Guria",60,"Ozurgeti",18,"60-18",287,NULL,231,80.4878,NULL,NULL,NULL,NULL,NULL,NULL,167,72.2944,NULL,NULL,NULL,NULL,22,9.5238,42,18.1818,NULL,NULL
"Guria",60,"Ozurgeti",19,"60-19",988,NULL,557,56.3765,NULL,NULL,NULL,NULL,NULL,NULL,423,75.9425,NULL,NULL,NULL,NULL,19,3.4111,115,20.6463,NULL,NULL
"Guria",60,"Ozurgeti",20,"60-20",1115,NULL,584,52.3767,NULL,NULL,NULL,NULL,NULL,NULL,476,81.5068,NULL,NULL,NULL,NULL,20,3.4247,88,15.0685,NULL,NULL
"Guria",60,"Ozurgeti",21,"60-21",838,NULL,478,57.0406,NULL,NULL,NULL,NULL,NULL,NULL,403,84.3096,NULL,NULL,NULL,NULL,13,2.7197,62,12.9707,NULL,NULL
"Guria",60,"Ozurgeti",22,"60-22",465,NULL,266,57.2043,NULL,NULL,NULL,NULL,NULL,NULL,236,88.7218,NULL,NULL,NULL,NULL,5,1.8797,25,9.3985,NULL,NULL
"Guria",60,"Ozurgeti",23,"60-23",1583,NULL,802,50.6633,NULL,NULL,NULL,NULL,NULL,NULL,651,81.1721,NULL,NULL,NULL,NULL,40,4.9875,111,13.8404,NULL,NULL
"Guria",60,"Ozurgeti",24,"60-24",1436,NULL,710,49.4429,NULL,NULL,NULL,NULL,NULL,NULL,499,70.2817,NULL,NULL,NULL,NULL,45,6.3380,166,23.3803,NULL,NULL
"Guria",60,"Ozurgeti",25,"60-25",1358,NULL,759,55.8910,NULL,NULL,NULL,NULL,NULL,NULL,581,76.5481,NULL,NULL,NULL,NULL,14,1.8445,164,21.6074,NULL,NULL
"Guria",60,"Ozurgeti",26,"60-26",725,NULL,409,56.4138,NULL,NULL,NULL,NULL,NULL,NULL,235,57.4572,NULL,NULL,NULL,NULL,20,4.8900,154,37.6528,NULL,NULL
"Guria",60,"Ozurgeti",27,"60-27",728,NULL,348,47.8022,NULL,NULL,NULL,NULL,NULL,NULL,252,72.4138,NULL,NULL,NULL,NULL,13,3.7356,83,23.8506,NULL,NULL
"Guria",60,"Ozurgeti",28,"60-28",473,NULL,316,66.8076,NULL,NULL,NULL,NULL,NULL,NULL,247,78.1646,NULL,NULL,NULL,NULL,13,4.1139,56,17.7215,NULL,NULL
"Guria",60,"Ozurgeti",29,"60-29",793,NULL,463,58.3859,NULL,NULL,NULL,NULL,NULL,NULL,258,55.7235,NULL,NULL,NULL,NULL,28,6.0475,177,38.2289,NULL,NULL
"Guria",60,"Ozurgeti",30,"60-30",1270,NULL,534,42.0472,NULL,NULL,NULL,NULL,NULL,NULL,307,57.4906,NULL,NULL,NULL,NULL,32,5.9925,195,36.5169,NULL,NULL
"Guria",60,"Ozurgeti",31,"60-31",1278,NULL,722,56.4945,NULL,NULL,NULL,NULL,NULL,NULL,452,62.6039,NULL,NULL,NULL,NULL,28,3.8781,242,33.5180,NULL,NULL
"Guria",60,"Ozurgeti",32,"60-32",906,NULL,541,59.7130,NULL,NULL,NULL,NULL,NULL,NULL,352,65.0647,NULL,NULL,NULL,NULL,26,4.8059,163,30.1294,NULL,NULL
"Guria",60,"Ozurgeti",33,"60-33",1574,NULL,789,50.1271,NULL,NULL,NULL,NULL,NULL,NULL,609,77.1863,NULL,NULL,NULL,NULL,46,5.8302,134,16.9835,NULL,NULL
"Guria",60,"Ozurgeti",34,"60-34",1288,NULL,651,50.5435,NULL,NULL,NULL,NULL,NULL,NULL,437,67.1275,NULL,NULL,NULL,NULL,40,6.1444,174,26.7281,NULL,NULL
"Guria",60,"Ozurgeti",35,"60-35",1473,NULL,642,43.5845,NULL,NULL,NULL,NULL,NULL,NULL,428,66.6667,NULL,NULL,NULL,NULL,25,3.8941,189,29.4393,NULL,NULL
"Guria",60,"Ozurgeti",36,"60-36",751,NULL,349,46.4714,NULL,NULL,NULL,NULL,NULL,NULL,244,69.9140,NULL,NULL,NULL,NULL,25,7.1633,80,22.9226,NULL,NULL
"Guria",60,"Ozurgeti",37,"60-37",833,NULL,330,39.6158,NULL,NULL,NULL,NULL,NULL,NULL,223,67.5758,NULL,NULL,NULL,NULL,26,7.8788,81,24.5455,NULL,NULL
"Guria",60,"Ozurgeti",38,"60-38",690,NULL,396,57.3913,NULL,NULL,NULL,NULL,NULL,NULL,317,80.0505,NULL,NULL,NULL,NULL,10,2.5253,69,17.4242,NULL,NULL
"Guria",60,"Ozurgeti",39,"60-39",948,NULL,417,43.9873,NULL,NULL,NULL,NULL,NULL,NULL,341,81.7746,NULL,NULL,NULL,NULL,26,6.2350,50,11.9904,NULL,NULL
"Guria",60,"Ozurgeti",40,"60-40",1503,NULL,720,47.9042,NULL,NULL,NULL,NULL,NULL,NULL,598,83.0556,NULL,NULL,NULL,NULL,30,4.1667,92,12.7778,NULL,NULL
"Guria",60,"Ozurgeti",41,"60-41",1144,NULL,599,52.3601,NULL,NULL,NULL,NULL,NULL,NULL,462,77.1285,NULL,NULL,NULL,NULL,29,4.8414,108,18.0301,NULL,NULL
"Guria",60,"Ozurgeti",42,"60-42",1296,NULL,576,44.4444,NULL,NULL,NULL,NULL,NULL,NULL,423,73.4375,NULL,NULL,NULL,NULL,26,4.5139,127,22.0486,NULL,NULL
"Guria",60,"Ozurgeti",43,"60-43",1551,NULL,870,56.0928,NULL,NULL,NULL,NULL,NULL,NULL,708,81.3793,NULL,NULL,NULL,NULL,30,3.4483,132,15.1724,NULL,NULL
"Guria",60,"Ozurgeti",44,"60-44",860,NULL,521,60.5814,NULL,NULL,NULL,NULL,NULL,NULL,489,93.8580,NULL,NULL,NULL,NULL,12,2.3033,20,3.8388,NULL,NULL
"Guria",60,"Ozurgeti",45,"60-45",1210,NULL,659,54.4628,NULL,NULL,NULL,NULL,NULL,NULL,570,86.4947,NULL,NULL,NULL,NULL,15,2.2762,74,11.2291,NULL,NULL
"Guria",60,"Ozurgeti",46,"60-46",573,NULL,376,65.6195,NULL,NULL,NULL,NULL,NULL,NULL,328,87.2340,NULL,NULL,NULL,NULL,6,1.5957,42,11.1702,NULL,NULL
"Guria",60,"Ozurgeti",47,"60-47",891,NULL,498,55.8923,NULL,NULL,NULL,NULL,NULL,NULL,412,82.7309,NULL,NULL,NULL,NULL,64,12.8514,22,4.4177,NULL,NULL
"Guria",60,"Ozurgeti",48,"60-48",1468,NULL,670,45.6403,NULL,NULL,NULL,NULL,NULL,NULL,442,65.9701,NULL,NULL,NULL,NULL,44,6.5672,184,27.4627,NULL,NULL
"Guria",60,"Ozurgeti",49,"60-49",1501,NULL,547,36.4424,NULL,NULL,NULL,NULL,NULL,NULL,349,63.8026,NULL,NULL,NULL,NULL,63,11.5174,135,24.6801,NULL,NULL
"Guria",60,"Ozurgeti",50,"60-50",868,NULL,421,48.5023,NULL,NULL,NULL,NULL,NULL,NULL,316,75.0594,NULL,NULL,NULL,NULL,17,4.0380,88,20.9026,NULL,NULL
"Guria",60,"Ozurgeti",51,"60-51",736,NULL,346,47.0109,NULL,NULL,NULL,NULL,NULL,NULL,257,74.2775,NULL,NULL,NULL,NULL,26,7.5145,63,18.2081,NULL,NULL
"Guria",60,"Ozurgeti",52,"60-52",1507,NULL,851,56.4698,NULL,NULL,NULL,NULL,NULL,NULL,651,76.4982,NULL,NULL,NULL,NULL,61,7.1680,139,16.3337,NULL,NULL
"Guria",60,"Ozurgeti",53,"60-53",852,NULL,527,61.8545,NULL,NULL,NULL,NULL,NULL,NULL,410,77.7989,NULL,NULL,NULL,NULL,24,4.5541,93,17.6471,NULL,NULL
"Guria",60,"Ozurgeti",54,"60-54",1030,NULL,642,62.3301,NULL,NULL,NULL,NULL,NULL,NULL,544,84.7352,NULL,NULL,NULL,NULL,39,6.0748,59,9.1900,NULL,NULL
"Guria",60,"Ozurgeti",55,"60-55",1208,NULL,479,39.6523,NULL,NULL,NULL,NULL,NULL,NULL,345,72.0251,NULL,NULL,NULL,NULL,16,3.3403,118,24.6347,NULL,NULL
"Guria",60,"Ozurgeti",56,"60-56",1244,NULL,506,40.6752,NULL,NULL,NULL,NULL,NULL,NULL,413,81.6206,NULL,NULL,NULL,NULL,10,1.9763,83,16.4032,NULL,NULL
"Guria",60,"Ozurgeti",57,"60-57",793,NULL,335,42.2446,NULL,NULL,NULL,NULL,NULL,NULL,240,71.6418,NULL,NULL,NULL,NULL,19,5.6716,76,22.6866,NULL,NULL
"Guria",60,"Ozurgeti",58,"60-58",847,NULL,419,49.4687,NULL,NULL,NULL,NULL,NULL,NULL,335,79.9523,NULL,NULL,NULL,NULL,8,1.9093,76,18.1384,NULL,NULL
"Guria",60,"Ozurgeti",59,"60-59",759,NULL,331,43.6100,NULL,NULL,NULL,NULL,NULL,NULL,297,89.7281,NULL,NULL,NULL,NULL,20,6.0423,14,4.2296,NULL,NULL
"Guria",60,"Ozurgeti",60,"60-60",556,NULL,301,54.1367,NULL,NULL,NULL,NULL,NULL,NULL,227,75.4153,NULL,NULL,NULL,NULL,4,1.3289,70,23.2558,NULL,NULL
"Guria",60,"Ozurgeti",61,"60-61",678,NULL,345,50.8850,NULL,NULL,NULL,NULL,NULL,NULL,256,74.2029,NULL,NULL,NULL,NULL,20,5.7971,69,20.0000,NULL,NULL
"Guria",60,"Ozurgeti",62,"60-62",892,NULL,289,32.3991,NULL,NULL,NULL,NULL,NULL,NULL,219,75.7785,NULL,NULL,NULL,NULL,16,5.5363,54,18.6851,NULL,NULL
