"region",district_id,"district_Name",possible voters,total ballots cast,total valid ballots cast,percent voters voting,votes 8-12,votes 12-17,votes 17-20,avg votes/precinct 8-12,avg votes/precinct 12-17,avg votes/precinct 17-20,vpm 8-12,vpm 12-17,vpm 17-20,avg vpm/precinct 8-12,avg vpm/precinct 12-17,avg vpm/precinct 17-20,num precincts vpm 8-12 > 3,num precincts vpm 12-17 > 3,num precincts vpm 17-20 > 3,2 - Alliance for Georgia,2 - Alliance for Georgia vote share,3 - Topadze-industrialists,3 - Topadze-industrialists vote share,5- United National Movement,5- United National Movement vote share,6 - Union of sportsmen,6 - Union of sportsmen vote share,7 - National council,7 - National council vote share,8 - Radical-democrats national party,8 - Radical-democrats national party vote share,10 - Christian-democratic movement,10 - Christian-democratic movement vote share,12 - Our country,12 - Our country vote share,14 - Future Georgia,14 - Future Georgia vote share,15 - Freedom party,15 - Freedom party vote share,16 - Future Party,16 - Future Party vote share,17 - National Democratic Party,17 - National Democratic Party vote share,18 - Solidarity,18 - Solidarity vote share,19 - Mamulishvili,19 - Mamulishvili vote share,21 - Tortladze- democratic party,21 - Tortladze- democratic party vote share,23 - National alliance of all Georgia,23 - National alliance of all Georgia vote share,25 - Ivanishvili-Public democrats,25 - Ivanishvili-Public democrats vote share
"Adjara",79,"Batumi",104453,42503,41330,39.5680,17805,17519,7179,225.3797,221.7595,90.8734,74.1875,97.3278,23.9300,0.93908228,1.23199719,0.45436709,0,0,1,3446,8.3378,1014,2.4534,24811,60.0315,NULL,NULL,5544,13.4140,NULL,NULL,6201,15.0036,NULL,NULL,NULL,NULL,96,0.2323,NULL,NULL,NULL,NULL,NULL,NULL,NULL,NULL,198,0.4791,NULL,NULL,NULL,NULL
"Adjara",80,"Keda",15725,10115,9870,62.7663,3951,4144,2020,127.4516,133.6774,65.1613,16.4625,23.0222,6.7333,0.53104839,0.74265233,0.32580645,0,0,0,425,4.3060,299,3.0294,6773,68.6221,NULL,NULL,755,7.6494,NULL,NULL,1456,14.7518,NULL,NULL,NULL,NULL,NULL,NULL,NULL,NULL,NULL,NULL,NULL,NULL,NULL,NULL,157,1.5907,NULL,NULL,NULL,NULL
"Adjara",83,"Khelvachauri",65698,25412,24639,37.5034,12053,9348,4011,191.3175,148.3810,63.6667,50.2208,51.9333,13.3700,0.79715608,0.82433862,0.31833333,0,0,0,1547,6.2787,507,2.0577,15260,61.9343,NULL,NULL,3343,13.5679,NULL,NULL,3851,15.6297,NULL,NULL,NULL,NULL,NULL,NULL,NULL,NULL,NULL,NULL,NULL,NULL,NULL,NULL,100,0.4059,NULL,NULL,NULL,NULL
"Adjara",84,"Khulo",24134,13430,13101,54.2844,5077,5931,2422,94.0185,109.8333,44.8519,21.1542,32.9500,8.0733,0.39174383,0.61018519,0.22425926,0,0,0,484,3.6944,451,3.4425,9244,70.5595,NULL,NULL,1489,11.3655,NULL,NULL,1332,10.1672,NULL,NULL,NULL,NULL,NULL,NULL,NULL,NULL,NULL,NULL,NULL,NULL,NULL,NULL,98,0.7480,NULL,NULL,NULL,NULL
"Adjara",81,"Kobuleti",68656,27932,26996,39.3207,13105,10396,4431,204.7656,162.4375,69.2344,54.6042,57.7556,14.7700,0.85319010,0.90243056,0.34617188,0,0,0,1366,5.0600,786,2.9115,17899,66.3024,NULL,NULL,4471,16.5617,NULL,NULL,2379,8.8124,NULL,NULL,NULL,NULL,NULL,NULL,NULL,NULL,NULL,NULL,NULL,NULL,NULL,NULL,68,0.2519,NULL,NULL,NULL,NULL
"Adjara",82,"Shuakhevi",15316,9002,8774,57.2865,4150,3068,1784,84.6939,62.6122,36.4082,17.2917,17.0444,5.9467,0.35289116,0.34784580,0.18204082,0,0,0,329,3.7497,252,2.8721,6245,71.1762,NULL,NULL,751,8.5594,NULL,NULL,1133,12.9132,NULL,NULL,NULL,NULL,NULL,NULL,NULL,NULL,NULL,NULL,NULL,NULL,NULL,NULL,64,0.7294,NULL,NULL,NULL,NULL
"Guria",62,"Chokhatauri",19020,12430,11986,63.0179,5785,4109,2536,152.2368,108.1316,66.7368,24.1042,22.8278,8.4533,0.63432018,0.60073099,0.33368421,0,0,0,1018,8.4932,138,1.1513,8464,70.6157,NULL,NULL,822,6.8580,NULL,NULL,1519,12.6731,NULL,NULL,NULL,NULL,NULL,NULL,NULL,NULL,NULL,NULL,NULL,NULL,NULL,NULL,NULL,NULL,20,0.1669,NULL,NULL
"Guria",61,"Lanchkhuti",30237,18023,17354,57.3933,9039,6739,2245,237.8684,177.3421,59.0789,37.6625,37.4389,7.4833,0.99111842,0.98523392,0.29539474,0,0,0,1823,10.5048,355,2.0456,9803,56.4884,NULL,NULL,2388,13.7605,NULL,NULL,2898,16.6993,NULL,NULL,NULL,NULL,NULL,NULL,NULL,NULL,NULL,NULL,NULL,NULL,NULL,NULL,NULL,NULL,75,0.4322,NULL,NULL
"Guria",60,"Ozurgeti",65395,34955,33560,51.3189,16191,12940,5824,261.1452,208.7097,93.9355,67.4625,71.8889,19.4133,1.08810484,1.15949821,0.46967742,0,0,0,3466,10.3278,655,1.9517,20533,61.1830,NULL,NULL,3128,9.3206,NULL,NULL,5550,16.5375,NULL,NULL,NULL,NULL,NULL,NULL,NULL,NULL,NULL,NULL,NULL,NULL,NULL,NULL,68,0.2026,76,0.2265,NULL,NULL
"Imereti",52,"Bagdati",23406,12706,12309,52.5891,5011,5150,2545,178.9643,183.9286,90.8929,20.8792,28.6111,8.4833,0.74568452,1.02182540,0.45446429,0,0,0,944,7.6692,765,6.2150,7838,63.6770,NULL,NULL,669,5.4350,NULL,NULL,2007,16.3051,NULL,NULL,NULL,NULL,NULL,NULL,NULL,NULL,NULL,NULL,NULL,NULL,NULL,NULL,80,0.6499,NULL,NULL,NULL,NULL
"Imereti",56,"Chiatura",46570,19407,18750,40.2620,8217,7695,3495,141.6724,132.6724,60.2586,34.2375,42.7500,11.6500,0.59030172,0.73706897,0.30129310,0,0,0,950,5.0667,794,4.2347,11457,61.1040,NULL,NULL,1690,9.0133,NULL,NULL,3502,18.6773,NULL,NULL,NULL,NULL,NULL,NULL,NULL,NULL,NULL,NULL,NULL,NULL,NULL,NULL,343,1.8293,NULL,NULL,NULL,NULL
"Imereti",48,"Kharagauli",20637,12723,12268,59.4466,5115,5118,2490,138.2432,138.3243,67.2973,21.3125,28.4333,8.3000,0.57601351,0.76846847,0.33648649,0,0,0,1456,11.8683,727,5.9260,7300,59.5044,NULL,NULL,726,5.9178,NULL,NULL,1751,14.2729,NULL,NULL,NULL,NULL,189,1.5406,NULL,NULL,NULL,NULL,NULL,NULL,NULL,NULL,108,0.8803,NULL,NULL,NULL,NULL
"Imereti",55,"Khoni",24429,15269,14746,60.3627,5955,5060,4254,205.3448,174.4828,146.6897,24.8125,28.1111,14.1800,0.85560345,0.96934866,0.73344828,0,0,1,831,5.6354,NULL,NULL,12375,83.9211,NULL,NULL,551,3.7366,NULL,NULL,943,6.3950,NULL,NULL,NULL,NULL,NULL,NULL,NULL,NULL,NULL,NULL,NULL,NULL,NULL,NULL,25,0.1695,NULL,NULL,NULL,NULL
"Imereti",59,"Kutaisi",163832,56392,54846,33.4770,24897,20741,10754,197.5952,164.6111,85.3492,103.7375,115.2278,35.8467,0.82331349,0.91450617,0.42674603,1,0,0,2876,5.2438,1625,2.9628,35316,64.3912,NULL,NULL,2663,4.8554,NULL,NULL,11652,21.2449,NULL,NULL,NULL,NULL,209,0.3811,NULL,NULL,119,0.2170,NULL,NULL,NULL,NULL,261,0.4759,72,0.1313,NULL,NULL
"Imereti",50,"Sachkhere",43497,21138,20461,47.0400,8355,8262,4521,160.6731,158.8846,86.9423,34.8125,45.9000,15.0700,0.66947115,0.88269231,0.43471154,0,0,0,1845,9.0172,732,3.5775,11634,56.8594,NULL,NULL,904,4.4182,NULL,NULL,4932,24.1044,NULL,NULL,NULL,NULL,64,0.3128,NULL,NULL,NULL,NULL,NULL,NULL,NULL,NULL,339,1.6568,NULL,NULL,NULL,NULL
"Imereti",54,"Samtredia",48541,22855,21997,45.3163,10613,7823,4419,212.2600,156.4600,88.3800,44.2208,43.4611,14.7300,0.88441667,0.86922222,0.44190000,0,0,0,1235,5.6144,914,4.1551,14260,64.8270,NULL,NULL,2064,9.3831,NULL,NULL,3309,15.0430,NULL,NULL,NULL,NULL,NULL,NULL,NULL,NULL,NULL,NULL,NULL,NULL,NULL,NULL,193,0.8774,NULL,NULL,NULL,NULL
"Imereti",49,"Terjola",34638,18931,18319,52.8870,6482,8181,4268,196.4242,247.9091,129.3333,27.0083,45.4500,14.2267,0.81843434,1.37727273,0.64666667,0,0,0,1056,5.7645,873,4.7655,13732,74.9604,NULL,NULL,885,4.8310,NULL,NULL,1773,9.6785,NULL,NULL,NULL,NULL,NULL,NULL,NULL,NULL,NULL,NULL,NULL,NULL,NULL,NULL,NULL,NULL,NULL,NULL,NULL,NULL
"Imereti",57,"Tkibuli",24771,13933,13683,55.2380,7709,4151,2073,208.3514,112.1892,56.0270,32.1208,23.0611,6.9100,0.86813063,0.62327327,0.28013514,0,0,0,875,6.3948,346,2.5287,10625,77.6511,NULL,NULL,613,4.4800,NULL,NULL,1172,8.5654,NULL,NULL,NULL,NULL,NULL,NULL,NULL,NULL,NULL,NULL,NULL,NULL,NULL,NULL,39,0.2850,NULL,NULL,NULL,NULL
"Imereti",58,"Tskaltubo",55193,21552,20932,37.9251,8854,7928,4770,132.1493,118.3284,71.1940,36.8917,44.0444,15.9000,0.55062189,0.65737977,0.35597015,0,0,0,1208,5.7711,700,3.3442,13357,63.8114,NULL,NULL,1335,6.3778,NULL,NULL,3467,16.5632,NULL,NULL,NULL,NULL,NULL,NULL,NULL,NULL,50,0.2389,NULL,NULL,NULL,NULL,766,3.6595,22,0.1051,NULL,NULL
"Imereti",53,"Vani",27239,14876,14626,53.6951,6430,5335,3111,207.4194,172.0968,100.3548,26.7917,29.6389,10.3700,0.86424731,0.95609319,0.50177419,0,0,0,779,5.3261,NULL,NULL,10854,74.2103,NULL,NULL,419,2.8648,NULL,NULL,1772,12.1154,NULL,NULL,NULL,NULL,NULL,NULL,NULL,NULL,NULL,NULL,NULL,NULL,NULL,NULL,767,5.2441,32,0.2188,NULL,NULL
"Imereti",51,"Zestaponi",57334,23227,22435,39.1304,8427,9571,5229,159.0000,180.5849,98.6604,35.1125,53.1722,17.4300,0.66250000,1.00324948,0.49330189,0,0,0,2774,12.3646,751,3.3474,13128,58.5157,NULL,NULL,2272,10.1270,NULL,NULL,3403,15.1683,NULL,NULL,NULL,NULL,NULL,NULL,NULL,NULL,41,0.1828,NULL,NULL,NULL,NULL,29,0.1293,NULL,NULL,NULL,NULL
"Kakheti",18,"Akhmeta",30249,16439,16073,53.1356,6625,7047,2767,228.4483,243.0000,95.4138,27.6042,39.1500,9.2233,0.95186782,1.35000000,0.47706897,0,0,0,1310,8.1503,278,1.7296,12531,77.9630,NULL,NULL,590,3.6708,NULL,NULL,1260,7.8392,NULL,NULL,NULL,NULL,NULL,NULL,NULL,NULL,NULL,NULL,NULL,NULL,NULL,NULL,38,0.2364,27,0.1680,NULL,NULL
"Kakheti",14,"Dedoplistskaro",23396,12094,11772,50.3163,4565,5551,1978,198.4783,241.3478,86.0000,19.0208,30.8389,6.5933,0.82699275,1.34082126,0.43000000,0,0,0,537,4.5617,356,3.0241,9070,77.0472,NULL,NULL,486,4.1284,NULL,NULL,1165,9.8964,NULL,NULL,NULL,NULL,NULL,NULL,NULL,NULL,NULL,NULL,NULL,NULL,NULL,NULL,130,1.1043,12,0.1019,NULL,NULL
"Kakheti",12,"Gurjaani",56025,23575,22716,40.5462,8389,9086,6100,164.4902,178.1569,119.6078,34.9542,50.4778,20.3333,0.68537582,0.98976035,0.59803922,0,0,0,929,4.0896,659,2.9010,15538,68.4011,NULL,NULL,1551,6.8278,370,1.6288,3402,14.9762,NULL,NULL,NULL,NULL,NULL,NULL,NULL,NULL,NULL,NULL,NULL,NULL,45,0.1981,84,0.3698,76,0.3346,NULL,NULL
"Kakheti",16,"Kvareli",29723,15690,14928,50.2237,5759,6591,3340,191.9667,219.7000,111.3333,23.9958,36.6167,11.1333,0.79986111,1.22055556,0.55666667,0,0,0,894,5.9887,617,4.1332,10166,68.1002,NULL,NULL,NULL,NULL,NULL,NULL,3053,20.4515,NULL,NULL,NULL,NULL,NULL,NULL,NULL,NULL,NULL,NULL,NULL,NULL,NULL,NULL,151,1.0115,47,0.3148,NULL,NULL
"Kakheti",15,"Lagodekhi",37456,17402,16827,44.9247,6413,7769,3220,194.3333,235.4242,97.5758,26.7208,43.1611,10.7333,0.80972222,1.30791246,0.48787879,0,0,0,650,3.8628,431,2.5614,12526,74.4399,NULL,NULL,603,3.5835,270,1.6046,2130,12.6582,NULL,NULL,NULL,NULL,NULL,NULL,NULL,NULL,NULL,NULL,NULL,NULL,NULL,NULL,30,0.1783,33,0.1961,NULL,NULL
"Kakheti",11,"Sagarejo",42869,21923,21243,49.5533,8530,9256,4137,181.4894,196.9362,88.0213,35.5417,51.4222,13.7900,0.75620567,1.09408983,0.44010638,0,0,0,1081,5.0887,498,2.3443,15737,74.0809,NULL,NULL,1617,7.6119,NULL,NULL,2204,10.3752,NULL,NULL,NULL,NULL,NULL,NULL,NULL,NULL,NULL,NULL,NULL,NULL,NULL,NULL,54,0.2542,31,0.1459,NULL,NULL
"Kakheti",13,"Signagi",32236,19053,18612,57.7367,7054,8861,3138,201.5429,253.1714,89.6571,29.3917,49.2278,10.4600,0.83976190,1.40650794,0.44828571,0,0,0,1129,6.0660,257,1.3808,15173,81.5227,NULL,NULL,495,2.6596,NULL,NULL,1416,7.6080,NULL,NULL,NULL,NULL,NULL,NULL,NULL,NULL,NULL,NULL,NULL,NULL,NULL,NULL,56,0.3009,33,0.1773,NULL,NULL
"Kakheti",17,"Telavi",57018,27342,26597,46.6467,9463,11222,6657,175.2407,207.8148,123.2778,39.4292,62.3444,22.1900,0.73016975,1.15452675,0.61638889,0,0,0,1095,4.1170,1383,5.1998,19122,71.8953,NULL,NULL,1285,4.8314,272,1.0227,3150,11.8434,NULL,NULL,NULL,NULL,62,0.2331,NULL,NULL,NULL,NULL,NULL,NULL,NULL,NULL,153,0.5753,48,0.1805,NULL,NULL
"Kvemo Kartli",23,"Bolnisi",56925,30218,29502,51.8261,12553,11789,5876,202.4677,190.1452,94.7742,52.3042,65.4944,19.5867,0.84361559,1.05636201,0.47387097,0,0,0,953,3.2303,1357,4.5997,22008,74.5983,NULL,NULL,1071,3.6303,NULL,NULL,2865,9.7112,NULL,NULL,NULL,NULL,NULL,NULL,NULL,NULL,NULL,NULL,NULL,NULL,NULL,NULL,1129,3.8269,NULL,NULL,NULL,NULL
"Kvemo Kartli",24,"Dmanisi",22287,10788,10386,46.6012,5489,4146,1153,112.0204,84.6122,23.5306,22.8708,23.0333,3.8433,0.46675170,0.47006803,0.11765306,0,0,0,404,3.8899,653,6.2873,7157,68.9101,NULL,NULL,954,9.1854,NULL,NULL,886,8.5307,NULL,NULL,NULL,NULL,NULL,NULL,NULL,NULL,NULL,NULL,NULL,NULL,NULL,NULL,328,3.1581,NULL,NULL,NULL,NULL
"Kvemo Kartli",21,"Gardabani",71862,43424,42459,59.0841,15354,17328,10742,243.7143,275.0476,170.5079,63.9750,96.2667,35.8067,1.01547619,1.52804233,0.85253968,1,1,1,1344,3.1654,587,1.3825,36613,86.2314,NULL,NULL,1737,4.0910,NULL,NULL,1805,4.2512,NULL,NULL,NULL,NULL,NULL,NULL,NULL,NULL,NULL,NULL,NULL,NULL,NULL,NULL,256,0.6029,NULL,NULL,NULL,NULL
"Kvemo Kartli",22,"Marneuli",96324,47445,46651,48.4313,19242,19497,8706,223.7442,226.7093,101.2326,80.1750,108.3167,29.0200,0.93226744,1.25949612,0.50616279,0,0,0,1395,2.9903,992,2.1264,36773,78.8257,NULL,NULL,2470,5.2946,NULL,NULL,2634,5.6462,NULL,NULL,NULL,NULL,NULL,NULL,NULL,NULL,NULL,NULL,NULL,NULL,NULL,NULL,2375,5.0910,NULL,NULL,NULL,NULL
"Kvemo Kartli",20,"Rustavi",106598,43538,42181,39.5702,18690,18123,6725,217.3256,210.7326,78.1977,77.8750,100.6833,22.4167,0.90552326,1.17073643,0.39098837,0,0,0,3103,7.3564,1073,2.5438,26138,61.9663,254,0.6022,2293,5.4361,555,1.3158,6868,16.2822,NULL,NULL,NULL,NULL,599,1.4201,57,0.1351,309,0.7326,NULL,NULL,NULL,NULL,825,1.9559,55,0.1304,NULL,NULL
"Kvemo Kartli",26,"Tetritskaro",21147,11663,11353,53.6861,4060,4725,2878,99.0244,115.2439,70.1951,16.9167,26.2500,9.5933,0.41260163,0.64024390,0.35097561,0,0,1,667,5.8751,866,7.6279,7646,67.3478,NULL,NULL,415,3.6554,NULL,NULL,1512,13.3181,NULL,NULL,NULL,NULL,NULL,NULL,NULL,NULL,NULL,NULL,NULL,NULL,NULL,NULL,247,2.1756,NULL,NULL,NULL,NULL
"Kvemo Kartli",25,"Tsalka",22659,8477,8183,36.1137,3854,3118,1505,85.6444,69.2889,33.4444,16.0583,17.3222,5.0167,0.35685185,0.38493827,0.16722222,0,0,0,838,10.2407,128,1.5642,5824,71.1719,NULL,NULL,712,8.7010,NULL,NULL,607,7.4178,NULL,NULL,NULL,NULL,NULL,NULL,NULL,NULL,NULL,NULL,NULL,NULL,NULL,NULL,68,0.8310,NULL,NULL,NULL,NULL
"Mtskheta-Mtianeti",28,"Dusheti",26804,15056,14643,54.6299,5926,5797,3333,111.8113,109.3774,62.8868,24.6917,32.2056,11.1100,0.46588050,0.60765199,0.31443396,0,0,0,598,4.0839,563,3.8448,11254,76.8558,NULL,NULL,1401,9.5677,NULL,NULL,757,5.1697,NULL,NULL,NULL,NULL,NULL,NULL,NULL,NULL,NULL,NULL,NULL,NULL,NULL,NULL,24,0.1639,30,0.2049,NULL,NULL
"Mtskheta-Mtianeti",29,"Kazbegi",6025,3233,3108,51.5851,1117,1165,951,111.7000,116.5000,95.1000,4.6542,6.4722,3.1700,0.46541667,0.64722222,0.47550000,0,0,0,175,5.6306,NULL,NULL,2330,74.9678,NULL,NULL,298,9.5882,NULL,NULL,303,9.7490,NULL,NULL,NULL,NULL,NULL,NULL,NULL,NULL,NULL,NULL,NULL,NULL,NULL,NULL,NULL,NULL,NULL,NULL,NULL,NULL
"Mtskheta-Mtianeti",27,"Mtskheta",42095,28624,27997,66.5091,10007,10314,8303,244.0732,251.5610,202.5122,41.6958,57.3000,27.6767,1.01697154,1.39756098,1.01256098,0,0,2,1697,6.0614,606,2.1645,22276,79.5657,NULL,NULL,1020,3.6432,NULL,NULL,2091,7.4687,NULL,NULL,NULL,NULL,90,0.3215,NULL,NULL,NULL,NULL,NULL,NULL,NULL,NULL,NULL,NULL,126,0.4500,NULL,NULL
"Mtskheta-Mtianeti",19,"Tianeti",11428,7292,7109,62.2069,2685,2847,1760,134.2500,142.3500,88.0000,11.1875,15.8167,5.8667,0.55937500,0.79083333,0.44000000,0,0,0,NULL,NULL,100,1.4067,6111,85.9615,NULL,NULL,608,8.5525,NULL,NULL,271,3.8121,NULL,NULL,NULL,NULL,15,0.2110,NULL,NULL,NULL,NULL,NULL,NULL,NULL,NULL,NULL,NULL,4,0.0563,NULL,NULL
"Racha-Lechkhumi and Kvemo Svaneti",44,"Ambrolauri",12457,7912,7622,61.1865,4087,2772,1053,110.4595,74.9189,28.4595,17.0292,15.4000,3.5100,0.46024775,0.41621622,0.14229730,0,0,0,680,8.9215,192,2.5190,5401,70.8607,NULL,NULL,620,8.1343,NULL,NULL,728,9.5513,NULL,NULL,NULL,NULL,NULL,NULL,NULL,NULL,NULL,NULL,NULL,NULL,NULL,NULL,NULL,NULL,NULL,NULL,NULL,NULL
"Racha-Lechkhumi and Kvemo Svaneti",46,"Lentekhi",6097,3898,3770,61.8337,2129,1036,733,106.4500,51.8000,36.6500,8.8708,5.7556,2.4433,0.44354167,0.28777778,0.18325000,0,0,0,502,13.3156,195,5.1724,3073,81.5119,NULL,NULL,NULL,NULL,NULL,NULL,NULL,NULL,NULL,NULL,NULL,NULL,NULL,NULL,NULL,NULL,NULL,NULL,NULL,NULL,NULL,NULL,NULL,NULL,NULL,NULL,NULL,NULL
"Racha-Lechkhumi and Kvemo Svaneti",43,"Oni",7018,4096,3996,56.9393,1943,1354,799,84.4783,58.8696,34.7391,8.0958,7.5222,2.6633,0.35199275,0.32705314,0.17369565,0,0,0,334,8.3584,200,5.0050,2598,65.0150,NULL,NULL,159,3.9790,NULL,NULL,691,17.2923,NULL,NULL,NULL,NULL,NULL,NULL,NULL,NULL,NULL,NULL,NULL,NULL,NULL,NULL,NULL,NULL,NULL,NULL,NULL,NULL
"Racha-Lechkhumi and Kvemo Svaneti",45,"Tsageri",12450,7972,7744,62.2008,4383,2139,1450,106.9024,52.1707,35.3659,18.2625,11.8833,4.8333,0.44542683,0.28983740,0.17682927,0,0,0,857,11.0666,124,1.6012,5329,68.8146,NULL,NULL,NULL,NULL,NULL,NULL,1401,18.0914,NULL,NULL,NULL,NULL,NULL,NULL,NULL,NULL,NULL,NULL,NULL,NULL,NULL,NULL,NULL,NULL,27,0.3487,NULL,NULL
"Samegrelo-Zemo Svaneti",63,"Abasha",22221,12798,12452,56.0371,4816,5238,2744,209.3913,227.7391,119.3043,20.0667,29.1000,9.1467,0.87246377,1.26521739,0.59652174,0,0,0,855,6.8664,1185,9.5165,8132,65.3068,NULL,NULL,669,5.3726,NULL,NULL,1501,12.0543,NULL,NULL,NULL,NULL,NULL,NULL,NULL,NULL,49,0.3935,NULL,NULL,NULL,NULL,48,0.3855,NULL,NULL,NULL,NULL
"Samegrelo-Zemo Svaneti",69,"Chkhorotsku",23409,12515,12089,51.6425,5843,4003,2669,216.4074,148.2593,98.8519,24.3458,22.2389,8.8967,0.90169753,0.82366255,0.49425926,0,0,0,1296,10.7205,413,3.4163,7697,63.6695,NULL,NULL,1116,9.2315,NULL,NULL,1260,10.4227,NULL,NULL,NULL,NULL,NULL,NULL,NULL,NULL,NULL,NULL,NULL,NULL,NULL,NULL,305,2.5230,NULL,NULL,NULL,NULL
"Samegrelo-Zemo Svaneti",66,"Khobi",29914,16132,15584,52.0960,7373,6428,2331,230.4063,200.8750,72.8438,30.7208,35.7111,7.7700,0.96002604,1.11597222,0.36421875,0,0,0,464,2.9774,420,2.6951,10240,65.7084,NULL,NULL,1665,10.6840,NULL,NULL,2257,14.4828,NULL,NULL,NULL,NULL,313,2.0085,NULL,NULL,NULL,NULL,NULL,NULL,NULL,NULL,210,1.3475,NULL,NULL,NULL,NULL
"Samegrelo-Zemo Svaneti",65,"Martvili",35424,20722,20219,57.0771,7290,7076,6356,186.9231,181.4359,162.9744,30.3750,39.3111,21.1867,0.77884615,1.00797721,0.81487179,0,0,1,1203,5.9498,1272,6.2911,13471,66.6255,NULL,NULL,1130,5.5888,NULL,NULL,2067,10.2231,NULL,NULL,NULL,NULL,1002,4.9557,NULL,NULL,NULL,NULL,NULL,NULL,NULL,NULL,37,0.1830,NULL,NULL,NULL,NULL
"Samegrelo-Zemo Svaneti",47,"Mestia",8568,4984,4807,56.1041,2748,1418,818,70.4615,36.3590,20.9744,11.4500,7.8778,2.7267,0.29358974,0.20199430,0.10487179,0,0,0,479,9.9646,132,2.7460,2744,57.0834,NULL,NULL,153,3.1829,NULL,NULL,849,17.6617,NULL,NULL,NULL,NULL,443,9.2157,NULL,NULL,NULL,NULL,NULL,NULL,NULL,NULL,NULL,NULL,NULL,NULL,NULL,NULL
"Samegrelo-Zemo Svaneti",70,"Poti",39825,19895,19073,47.8920,9506,7297,3092,316.8667,243.2333,103.0667,39.6083,40.5389,10.3067,1.32027778,1.35129630,0.51533333,0,0,0,898,4.7082,1026,5.3793,12155,63.7288,NULL,NULL,1624,8.5147,NULL,NULL,3145,16.4893,NULL,NULL,NULL,NULL,NULL,NULL,NULL,NULL,NULL,NULL,NULL,NULL,NULL,NULL,219,1.1482,NULL,NULL,NULL,NULL
"Samegrelo-Zemo Svaneti",64,"Senaki",42945,21223,20523,47.7890,10369,7379,3475,241.1395,171.6047,80.8140,43.2042,40.9944,11.5833,1.00474806,0.95335917,0.40406977,2,0,0,1768,8.6147,341,1.6616,14347,69.9069,NULL,NULL,1105,5.3842,NULL,NULL,2574,12.5420,NULL,NULL,NULL,NULL,143,0.6968,NULL,NULL,NULL,NULL,NULL,NULL,NULL,NULL,27,0.1316,NULL,NULL,157,0.7650
"Samegrelo-Zemo Svaneti",68,"Tsalenjikha",32152,13391,12772,39.7238,5975,4789,2627,213.3929,171.0357,93.8214,24.8958,26.6056,8.7567,0.88913690,0.95019841,0.46910714,0,0,0,1551,12.1438,628,4.9170,8547,66.9198,NULL,NULL,615,4.8152,NULL,NULL,1129,8.8396,NULL,NULL,NULL,NULL,239,1.8713,NULL,NULL,NULL,NULL,NULL,NULL,NULL,NULL,56,0.4385,NULL,NULL,NULL,NULL
"Samegrelo-Zemo Svaneti",67,"Zugdidi",130385,48521,47113,36.1338,19015,17718,11788,177.7103,165.5888,110.1682,79.2292,98.4333,39.2933,0.74045950,0.91993769,0.55084112,0,0,1,5050,10.7189,2492,5.2894,32263,68.4800,NULL,NULL,3209,6.8113,NULL,NULL,2950,6.2615,NULL,NULL,NULL,NULL,632,1.3415,NULL,NULL,287,0.6092,NULL,NULL,NULL,NULL,167,0.3545,NULL,NULL,NULL,NULL
"Samtskhe-Javakheti",38,"Adigeni",15782,11506,11418,72.3482,4488,5064,1954,249.3333,281.3333,108.5556,18.7000,28.1333,6.5133,1.03888889,1.56296296,0.54277778,0,0,0,266,2.3297,166,1.4538,9217,80.7234,NULL,NULL,200,1.7516,NULL,NULL,1300,11.3855,NULL,NULL,NULL,NULL,NULL,NULL,NULL,NULL,NULL,NULL,NULL,NULL,NULL,NULL,267,2.3384,NULL,NULL,NULL,NULL
"Samtskhe-Javakheti",40,"Akhalkalaki",40753,29531,29075,71.3444,11996,12093,5442,173.8551,175.2609,78.8696,49.9833,67.1833,18.1400,0.72439614,0.97367150,0.39434783,0,0,0,NULL,NULL,2455,8.4437,24330,83.6801,NULL,NULL,1156,3.9759,NULL,NULL,701,2.4110,NULL,NULL,NULL,NULL,NULL,NULL,NULL,NULL,NULL,NULL,NULL,NULL,NULL,NULL,368,1.2657,NULL,NULL,NULL,NULL
"Samtskhe-Javakheti",37,"Akhaltsikhe",36295,24228,23917,65.8961,8418,10321,5489,240.5143,294.8857,156.8286,35.0750,57.3389,18.2967,1.00214286,1.63825397,0.78414286,0,0,0,837,3.4996,297,1.2418,16834,70.3851,NULL,NULL,1282,5.3602,NULL,NULL,3066,12.8193,NULL,NULL,NULL,NULL,NULL,NULL,NULL,NULL,NULL,NULL,NULL,NULL,NULL,NULL,1594,6.6647,NULL,NULL,NULL,NULL
"Samtskhe-Javakheti",39,"Aspindza",9860,6999,6904,70.0203,2576,2953,1470,112.0000,128.3913,63.9130,10.7333,16.4056,4.9000,0.46666667,0.71328502,0.31956522,0,0,0,264,3.8239,341,4.9392,5113,74.0585,NULL,NULL,167,2.4189,NULL,NULL,685,9.9218,NULL,NULL,NULL,NULL,NULL,NULL,NULL,NULL,NULL,NULL,NULL,NULL,NULL,NULL,328,4.7509,NULL,NULL,NULL,NULL
"Samtskhe-Javakheti",36,"Borjomi",27749,14050,13636,49.1405,6197,5932,1921,206.5667,197.7333,64.0333,25.8208,32.9556,6.4033,0.86069444,1.09851852,0.32016667,0,0,0,729,5.3461,1621,11.8877,7936,58.1989,NULL,NULL,857,6.2848,NULL,NULL,2095,15.3637,NULL,NULL,NULL,NULL,NULL,NULL,NULL,NULL,NULL,NULL,NULL,NULL,NULL,NULL,390,2.8601,NULL,NULL,NULL,NULL
"Samtskhe-Javakheti",41,"Ninotsminda",22751,17351,17199,75.5967,7067,6062,4222,196.3056,168.3889,117.2778,29.4458,33.6778,14.0733,0.81793981,0.93549383,0.58638889,0,0,1,NULL,NULL,1651,9.5994,13364,77.7022,NULL,NULL,488,2.8374,NULL,NULL,1631,9.4831,NULL,NULL,NULL,NULL,NULL,NULL,NULL,NULL,NULL,NULL,NULL,NULL,NULL,NULL,65,0.3779,NULL,NULL,NULL,NULL
"Shida Kartli",32,"Gori",112417,66916,65315,58.1006,24838,24616,17462,234.3208,232.2264,164.7358,103.4917,136.7556,58.2067,0.97633648,1.29014675,0.82367925,0,0,3,3294,5.0433,934,1.4300,50715,77.6468,NULL,NULL,2389,3.6577,NULL,NULL,7142,10.9347,NULL,NULL,NULL,NULL,NULL,NULL,NULL,NULL,NULL,NULL,NULL,NULL,NULL,NULL,594,0.9094,NULL,NULL,NULL,NULL
"Shida Kartli",33,"Kareli",37146,23534,23097,62.1790,8930,9301,5303,228.9744,238.4872,135.9744,37.2083,51.6722,17.6767,0.95405983,1.32492877,0.67987179,0,0,0,1721,7.4512,1350,5.8449,16655,72.1089,NULL,NULL,1113,4.8188,NULL,NULL,2132,9.2306,NULL,NULL,NULL,NULL,NULL,NULL,NULL,NULL,NULL,NULL,NULL,NULL,NULL,NULL,114,0.4936,NULL,NULL,NULL,NULL
"Shida Kartli",30,"Kaspi",40308,24390,24042,59.6457,9571,9003,5816,251.8684,236.9211,153.0526,39.8792,50.0167,19.3867,1.04945175,1.31622807,0.76526316,0,0,1,1747,7.2665,334,1.3892,18621,77.4520,NULL,NULL,641,2.6662,NULL,NULL,2579,10.7271,NULL,NULL,NULL,NULL,NULL,NULL,NULL,NULL,NULL,NULL,NULL,NULL,NULL,NULL,90,0.3743,NULL,NULL,NULL,NULL
"Shida Kartli",35,"Khashuri",50173,31408,31030,61.8460,8749,13886,8773,168.2500,267.0385,168.7115,36.4542,77.1444,29.2433,0.70104167,1.48354701,0.84355769,0,0,0,2047,6.5968,1656,5.3368,21808,70.2804,NULL,NULL,957,3.0841,NULL,NULL,3359,10.8250,NULL,NULL,NULL,NULL,NULL,NULL,NULL,NULL,NULL,NULL,NULL,NULL,NULL,NULL,1095,3.5288,83,0.2675,NULL,NULL
"Tbilisi",999,"Tbilisi",991067,462979,446739,45.0766,182091,198827,82061,245.4057,267.9609,110.5943,758.7125,1104.5944,273.5367,1.02252358,1.48867176,0.55297170,3,2,11,80166,17.9447,27791,6.2209,234150,52.4132,1580,0.3537,36850,8.2487,1636,0.3662,53748,12.0312,369,0.0826,520,0.1164,1430,0.3201,NULL,NULL,NULL,NULL,2875,0.6436,NULL,NULL,1342,0.3004,414,0.0927,3141,0.7031
