"region",district_id,"district_Name",possible voters,total ballots cast,total valid ballots cast,percent voters voting,votes 8-12,votes 12-17,votes 17-20,avg votes/precinct 8-12,avg votes/precinct 12-17,avg votes/precinct 17-20,vpm 8-12,vpm 12-17,vpm 17-20,avg vpm/precinct 8-12,avg vpm/precinct 12-17,avg vpm/precinct 17-20,num precincts vpm 8-12 > 3,num precincts vpm 12-17 > 3,num precincts vpm 17-20 > 3,2 - Alliance for Georgia,2 - Alliance for Georgia vote share,3 - Topadze-industrialists,3 - Topadze-industrialists vote share,5- United National Movement,5- United National Movement vote share,6 - Union of sportsmen,6 - Union of sportsmen vote share,7 - National council,7 - National council vote share,8 - Radical-democrats national party,8 - Radical-democrats national party vote share,10 - Christian-democratic movement,10 - Christian-democratic movement vote share,12 - Our country,12 - Our country vote share,14 - Future Georgia,14 - Future Georgia vote share,15 - Freedom party,15 - Freedom party vote share,16 - Future Party,16 - Future Party vote share,17 - National Democratic Party,17 - National Democratic Party vote share,18 - Solidarity,18 - Solidarity vote share,19 - Mamulishvili,19 - Mamulishvili vote share,21 - Tortladze- democratic party,21 - Tortladze- democratic party vote share,23 - National alliance of all Georgia,23 - National alliance of all Georgia vote share,25 - Ivanishvili-Public democrats,25 - Ivanishvili-Public democrats vote share
"Tbilisi",7,"Chugureti",54564,27421,26104,47.8411,10564,12305,4552,257.6585,300.1220,111.0244,44.0167,68.3611,15.1733,1.07357724,1.66734417,0.55512195,0,0,0,4524,17.3307,1225,4.6928,14609,55.9646,NULL,NULL,2289,8.7688,155,0.5938,2224,8.5198,NULL,NULL,NULL,NULL,71,0.2720,76,0.2911,NULL,NULL,180,0.6895,NULL,NULL,211,0.8083,NULL,NULL,472,1.8082
"Tbilisi",8,"Didube",68789,36707,34959,50.8206,15132,16745,4830,280.2222,310.0926,89.4444,63.0500,93.0278,16.1000,1.16759259,1.72273663,0.44722222,1,0,0,3393,9.7057,1838,5.2576,18666,53.3940,NULL,NULL,5139,14.7001,NULL,NULL,4864,13.9134,NULL,NULL,NULL,NULL,308,0.8810,NULL,NULL,NULL,NULL,NULL,NULL,NULL,NULL,141,0.4033,NULL,NULL,448,1.2815
"Tbilisi",10,"Gldani",146454,59463,57124,39.0047,25983,25072,8408,238.3761,230.0183,77.1376,108.2625,139.2889,28.0267,0.99323394,1.27787971,0.38568807,0,0,0,5153,9.0207,3455,6.0482,33400,58.4693,NULL,NULL,5395,9.4444,649,1.1361,7341,12.8510,NULL,NULL,NULL,NULL,543,0.9506,NULL,NULL,NULL,NULL,198,0.3466,NULL,NULL,396,0.6932,NULL,NULL,449,0.7860
"Tbilisi",5,"Isani",109666,45501,43425,39.5975,18573,19719,7209,244.3816,259.4605,94.8553,77.3875,109.5500,24.0300,1.01825658,1.44144737,0.47427632,0,0,0,7022,16.1704,1897,4.3685,25472,58.6575,NULL,NULL,3510,8.0829,386,0.8889,2601,5.9896,NULL,NULL,NULL,NULL,196,0.4514,NULL,NULL,NULL,NULL,251,0.5780,NULL,NULL,363,0.8359,NULL,NULL,1670,3.8457
"Tbilisi",4,"Krtsanisi",42814,18496,17863,41.7223,6683,7614,4199,208.8438,237.9375,131.2188,27.8458,42.3000,13.9967,0.87018229,1.32187500,0.65609375,0,0,1,3341,18.7035,716,4.0083,10204,57.1237,NULL,NULL,997,5.5814,NULL,NULL,1854,10.3790,NULL,NULL,NULL,NULL,85,0.4758,NULL,NULL,NULL,NULL,356,1.9929,NULL,NULL,117,0.6550,NULL,NULL,158,0.8845
"Tbilisi",1,"Mtatsminda",49624,29184,28276,56.9805,10716,13534,4934,282.0000,356.1579,129.8421,44.6500,75.1889,16.4467,1.17500000,1.97865497,0.64921053,1,1,1,6998,24.7489,996,3.5224,17162,60.6946,NULL,NULL,999,3.5330,138,0.4880,1286,4.5480,NULL,NULL,NULL,NULL,112,0.3961,45,0.1591,NULL,NULL,179,0.6330,NULL,NULL,163,0.5765,NULL,NULL,135,0.4774
"Tbilisi",9,"Nadzaladevi",129221,62723,60387,46.7316,27249,26983,8491,286.8316,284.0316,89.3789,113.5375,149.9056,28.3033,1.19513158,1.57795322,0.44689474,0,0,0,8951,14.8227,3873,6.4136,36131,59.8324,NULL,NULL,4216,6.9816,454,0.7518,5837,9.6660,NULL,NULL,NULL,NULL,224,0.3709,NULL,NULL,NULL,NULL,46,0.0762,NULL,NULL,268,0.4438,NULL,NULL,321,0.5316
"Tbilisi",3,"Saburtalo",120749,59250,56569,46.8484,22127,27292,9831,257.2907,317.3488,114.3140,92.1958,151.6222,32.7700,1.07204457,1.76304910,0.57156977,0,0,0,15184,26.8416,3374,5.9644,26898,47.5490,NULL,NULL,2792,4.9356,NULL,NULL,4932,8.7186,49,0.0866,NULL,NULL,1155,2.0418,222,0.3924,NULL,NULL,255,0.4508,NULL,NULL,530,0.9369,NULL,NULL,1056,1.8667
"Tbilisi",6,"Samgori",144576,59202,56570,39.1282,24626,23978,10598,216.0175,210.3333,92.9649,102.6083,133.2111,35.3267,0.90007310,1.16851852,0.46482456,0,0,3,5341,9.4414,3237,5.7221,32784,57.9530,NULL,NULL,5466,9.6624,541,0.9563,7551,13.3481,NULL,NULL,NULL,NULL,223,0.3942,51,0.0902,NULL,NULL,164,0.2899,NULL,NULL,555,0.9811,NULL,NULL,501,0.8856
"Tbilisi",2,"Vake",93519,48970,46962,50.2165,17708,23014,8248,239.2973,311.0000,111.4595,73.7833,127.8556,27.4933,0.99707207,1.72777778,0.55729730,0,0,1,16886,35.9567,2378,5.0637,19994,42.5748,NULL,NULL,2246,4.7826,NULL,NULL,3202,6.8183,NULL,NULL,NULL,NULL,266,0.5664,19,0.0405,192,0.4088,133,0.2832,NULL,NULL,361,0.7687,NULL,NULL,1193,2.5404
