"region",district_id,"district_Name",possible voters,total ballots cast,total valid ballots cast,percent voters voting,votes 8-12,votes 12-17,votes 17-20,avg votes/precinct 8-12,avg votes/precinct 12-17,avg votes/precinct 17-20,vpm 8-12,vpm 12-17,vpm 17-20,avg vpm/precinct 8-12,avg vpm/precinct 12-17,avg vpm/precinct 17-20,num precincts vpm 8-12 > 3,num precincts vpm 12-17 > 3,num precincts vpm 17-20 > 3,2 - Alliance for Georgia,2 - Alliance for Georgia vote share,3 - Topadze-industrialists,3 - Topadze-industrialists vote share,5- United National Movement,5- United National Movement vote share,6 - Union of sportsmen,6 - Union of sportsmen vote share,7 - National council,7 - National council vote share,8 - Radical-democrats national party,8 - Radical-democrats national party vote share,10 - Christian-democratic movement,10 - Christian-democratic movement vote share,12 - Our country,12 - Our country vote share,14 - Future Georgia,14 - Future Georgia vote share,15 - Freedom party,15 - Freedom party vote share,16 - Future Party,16 - Future Party vote share,17 - National Democratic Party,17 - National Democratic Party vote share,18 - Solidarity,18 - Solidarity vote share,19 - Mamulishvili,19 - Mamulishvili vote share,21 - Tortladze- democratic party,21 - Tortladze- democratic party vote share,23 - National alliance of all Georgia,23 - National alliance of all Georgia vote share,25 - Ivanishvili-Public democrats,25 - Ivanishvili-Public democrats vote share
"Adjara",79,"Batumi",102097,41086,39905,39.0854,17731,17440,5915,233.3026,229.4737,77.8289,73.8792,96.8889,19.7167,0.97209430,1.27485380,0.38914474,0,0,0,4044,10.1341,358,0.8971,24209,60.6666,NULL,NULL,5479,13.7301,NULL,NULL,5365,13.4444,NULL,NULL,NULL,NULL,43,0.1078,NULL,NULL,NULL,NULL,NULL,NULL,NULL,NULL,368,0.9222,NULL,NULL,NULL,NULL
"Adjara",80,"Keda",15715,10074,9853,62.6981,3951,4141,1982,127.4516,133.5806,63.9355,16.4625,23.0056,6.6067,0.53104839,0.74211470,0.31967742,0,0,0,514,5.2167,321,3.2579,5963,60.5196,NULL,NULL,1179,11.9659,NULL,NULL,1500,15.2238,NULL,NULL,3,0.0304,NULL,NULL,NULL,NULL,NULL,NULL,NULL,NULL,NULL,NULL,370,3.7552,NULL,NULL,NULL,NULL
"Adjara",83,"Khelvachauri",65698,25312,24638,37.5019,12048,9341,3923,191.2381,148.2698,62.2698,50.2000,51.8944,13.0767,0.79682540,0.82372134,0.31134921,0,0,0,1984,8.0526,349,1.4165,15574,63.2113,NULL,NULL,2927,11.8800,NULL,NULL,3612,14.6603,NULL,NULL,NULL,NULL,NULL,NULL,NULL,NULL,NULL,NULL,NULL,NULL,NULL,NULL,159,0.6453,NULL,NULL,NULL,NULL
"Adjara",84,"Khulo",24134,13383,13124,54.3797,5072,5936,2375,93.9259,109.9259,43.9815,21.1333,32.9778,7.9167,0.39135802,0.61069959,0.21990741,0,0,0,830,6.3243,532,4.0536,7889,60.1112,NULL,NULL,1902,14.4925,NULL,NULL,1619,12.3362,NULL,NULL,NULL,NULL,NULL,NULL,NULL,NULL,NULL,NULL,NULL,NULL,NULL,NULL,347,2.6440,NULL,NULL,NULL,NULL
"Adjara",81,"Kobuleti",67902,27768,26879,39.5850,13060,10382,4326,204.0625,162.2188,67.5938,54.4167,57.6778,14.4200,0.85026042,0.90121528,0.33796875,0,0,0,1864,6.9348,930,3.4600,17669,65.7353,NULL,NULL,4248,15.8042,NULL,NULL,1939,7.2138,NULL,NULL,NULL,NULL,NULL,NULL,NULL,NULL,NULL,NULL,NULL,NULL,NULL,NULL,178,0.6622,NULL,NULL,NULL,NULL
"Adjara",82,"Shuakhevi",15316,8728,8503,55.5171,4154,3031,1543,84.7755,61.8571,31.4898,17.3083,16.8389,5.1433,0.35323129,0.34365079,0.15744898,0,0,0,487,5.7274,737,8.6675,5227,61.4724,NULL,NULL,668,7.8561,NULL,NULL,1418,16.6765,NULL,NULL,NULL,NULL,NULL,NULL,NULL,NULL,NULL,NULL,NULL,NULL,NULL,NULL,161,1.8934,NULL,NULL,NULL,NULL
"Guria",62,"Chokhatauri",19020,12373,11802,62.0505,5787,4105,2481,152.2895,108.0263,65.2895,24.1125,22.8056,8.2700,0.63453947,0.60014620,0.32644737,0,0,0,1629,13.8027,NULL,NULL,9184,77.8173,NULL,NULL,541,4.5840,NULL,NULL,445,3.7705,NULL,NULL,NULL,NULL,NULL,NULL,NULL,NULL,NULL,NULL,NULL,NULL,NULL,NULL,NULL,NULL,NULL,NULL,NULL,NULL
"Guria",61,"Lanchkhuti",30237,17974,17435,57.6611,9038,6539,2397,237.8421,172.0789,63.0789,37.6583,36.3278,7.9900,0.99100877,0.95599415,0.31539474,0,0,0,2688,15.4173,28,0.1606,10748,61.6461,NULL,NULL,2855,16.3751,NULL,NULL,1073,6.1543,NULL,NULL,NULL,NULL,NULL,NULL,NULL,NULL,NULL,NULL,NULL,NULL,NULL,NULL,30,0.1721,NULL,NULL,NULL,NULL
"Guria",60,"Ozurgeti",65395,34939,33593,51.3694,16191,12940,5808,261.1452,208.7097,93.6774,67.4625,71.8889,19.3600,1.08810484,1.15949821,0.46838710,0,0,0,5067,15.0835,115,0.3423,21120,62.8702,NULL,NULL,2892,8.6089,NULL,NULL,4216,12.5502,NULL,NULL,NULL,NULL,NULL,NULL,NULL,NULL,NULL,NULL,NULL,NULL,NULL,NULL,42,0.1250,NULL,NULL,NULL,NULL
"Imereti",52,"Bagdati",23406,12648,12294,52.5250,5006,5147,2495,178.7857,183.8214,89.1071,20.8583,28.5944,8.3167,0.74494048,1.02123016,0.44553571,0,0,0,1239,10.0781,637,5.1814,8489,69.0499,NULL,NULL,639,5.1977,NULL,NULL,1132,9.2077,NULL,NULL,NULL,NULL,NULL,NULL,NULL,NULL,NULL,NULL,NULL,NULL,NULL,NULL,145,1.1794,NULL,NULL,NULL,NULL
"Imereti",56,"Chiatura",46570,19272,18763,40.2899,8209,7688,3375,141.5345,132.5517,58.1897,34.2042,42.7111,11.2500,0.58972701,0.73639847,0.29094828,0,0,0,1497,7.9785,NULL,NULL,12097,64.4726,NULL,NULL,1647,8.7779,NULL,NULL,3005,16.0156,NULL,NULL,NULL,NULL,NULL,NULL,NULL,NULL,NULL,NULL,NULL,NULL,NULL,NULL,122,0.6502,NULL,NULL,372,1.9826
"Imereti",48,"Kharagauli",20637,12669,12264,59.4272,5115,5115,2439,138.2432,138.2432,65.9189,21.3125,28.4167,8.1300,0.57601351,0.76801802,0.32959459,0,0,0,1755,14.3102,NULL,NULL,8192,66.7971,NULL,NULL,623,5.0799,NULL,NULL,1475,12.0271,NULL,NULL,NULL,NULL,90,0.7339,NULL,NULL,NULL,NULL,NULL,NULL,NULL,NULL,116,0.9459,NULL,NULL,NULL,NULL
"Imereti",55,"Khoni",24422,15193,14788,60.5520,5954,5059,4180,205.3103,174.4483,144.1379,24.8083,28.1056,13.9333,0.85545977,0.96915709,0.72068966,0,0,1,1363,9.2169,NULL,NULL,12196,82.4723,NULL,NULL,627,4.2399,NULL,NULL,583,3.9424,NULL,NULL,NULL,NULL,NULL,NULL,NULL,NULL,NULL,NULL,NULL,NULL,NULL,NULL,NULL,NULL,NULL,NULL,NULL,NULL
"Imereti",59,"Kutaisi",162041,55666,54096,33.3841,24886,20722,10058,199.0880,165.7760,80.4640,103.6917,115.1222,33.5267,0.82953333,0.92097778,0.40232000,1,0,0,3604,6.6622,283,0.5231,36758,67.9496,NULL,NULL,2100,3.8820,NULL,NULL,10431,19.2824,NULL,NULL,NULL,NULL,354,0.6544,NULL,NULL,NULL,NULL,NULL,NULL,NULL,NULL,393,0.7265,90,0.1664,NULL,NULL
"Imereti",50,"Sachkhere",43497,21051,20523,47.1826,8355,8262,4434,160.6731,158.8846,85.2692,34.8125,45.9000,14.7800,0.66947115,0.88269231,0.42634615,0,0,0,2520,12.2789,110,0.5360,12476,60.7903,NULL,NULL,695,3.3864,NULL,NULL,4709,22.9450,NULL,NULL,NULL,NULL,NULL,NULL,NULL,NULL,NULL,NULL,NULL,NULL,NULL,NULL,NULL,NULL,NULL,NULL,NULL,NULL
"Imereti",54,"Samtredia",48540,22814,22067,45.4615,10721,7710,4383,214.4200,154.2000,87.6600,44.6708,42.8333,14.6100,0.89341667,0.85666667,0.43830000,0,0,0,1684,7.6313,39,0.1767,15653,70.9340,NULL,NULL,2059,9.3307,NULL,NULL,2365,10.7174,NULL,NULL,NULL,NULL,NULL,NULL,NULL,NULL,NULL,NULL,NULL,NULL,NULL,NULL,253,1.1465,NULL,NULL,NULL,NULL
"Imereti",49,"Terjola",34638,18894,18309,52.8581,6481,8177,4236,196.3939,247.7879,128.3636,27.0042,45.4278,14.1200,0.81830808,1.37659933,0.64181818,0,0,0,1615,8.8208,1731,9.4544,13707,74.8648,NULL,NULL,781,4.2657,NULL,NULL,475,2.5944,NULL,NULL,NULL,NULL,NULL,NULL,NULL,NULL,NULL,NULL,NULL,NULL,NULL,NULL,NULL,NULL,NULL,NULL,NULL,NULL
"Imereti",57,"Tkibuli",24771,13894,13620,54.9837,7708,4149,2037,208.3243,112.1351,55.0541,32.1167,23.0500,6.7900,0.86801802,0.62297297,0.27527027,0,0,0,231,1.6960,112,0.8223,11022,80.9251,NULL,NULL,776,5.6975,NULL,NULL,786,5.7709,NULL,NULL,NULL,NULL,NULL,NULL,NULL,NULL,NULL,NULL,NULL,NULL,NULL,NULL,470,3.4508,218,1.6006,NULL,NULL
"Imereti",58,"Tskaltubo",54638,21438,20793,38.0559,8761,8004,4673,132.7424,121.2727,70.8030,36.5042,44.4667,15.5767,0.55309343,0.67373737,0.35401515,0,0,0,1836,8.8299,71,0.3415,13999,67.3255,NULL,NULL,1357,6.5262,NULL,NULL,1772,8.5221,NULL,NULL,NULL,NULL,NULL,NULL,91,0.4376,NULL,NULL,NULL,NULL,NULL,NULL,1608,7.7334,43,0.2068,NULL,NULL
"Imereti",53,"Vani",27239,14842,14410,52.9021,6430,5334,3078,207.4194,172.0645,99.2903,26.7917,29.6333,10.2600,0.86424731,0.95591398,0.49645161,0,0,0,696,4.8300,NULL,NULL,11692,81.1381,NULL,NULL,239,1.6586,NULL,NULL,1740,12.0749,NULL,NULL,NULL,NULL,NULL,NULL,NULL,NULL,NULL,NULL,NULL,NULL,NULL,NULL,14,0.0972,17,0.1180,NULL,NULL
"Imereti",51,"Zestaponi",57334,23098,22412,39.0902,8147,9312,5639,153.7170,175.6981,106.3962,33.9458,51.7333,18.7967,0.64048742,0.97610063,0.53198113,0,0,1,3989,17.7985,NULL,NULL,13542,60.4230,NULL,NULL,2259,10.0794,NULL,NULL,2462,10.9852,NULL,NULL,NULL,NULL,NULL,NULL,NULL,NULL,NULL,NULL,NULL,NULL,NULL,NULL,68,0.3034,NULL,NULL,NULL,NULL
"Kakheti",18,"Akhmeta",30249,16347,16017,52.9505,6580,7016,2751,226.8966,241.9310,94.8621,27.4167,38.9778,9.1700,0.94540230,1.34406130,0.47431034,0,0,0,1655,10.3328,71,0.4433,12858,80.2772,NULL,NULL,444,2.7721,NULL,NULL,764,4.7699,NULL,NULL,NULL,NULL,NULL,NULL,NULL,NULL,NULL,NULL,NULL,NULL,NULL,NULL,187,1.1675,NULL,NULL,NULL,NULL
"Kakheti",14,"Dedoplistskaro",23390,11770,11476,49.0637,4464,5565,1741,194.0870,241.9565,75.6957,18.6000,30.9167,5.8033,0.80869565,1.34420290,0.37847826,0,0,0,642,5.5943,123,1.0718,9525,82.9993,NULL,NULL,421,3.6685,NULL,NULL,631,5.4984,NULL,NULL,NULL,NULL,NULL,NULL,NULL,NULL,NULL,NULL,NULL,NULL,NULL,NULL,111,0.9672,NULL,NULL,NULL,NULL
"Kakheti",12,"Gurjaani",56025,23512,22949,40.9621,8387,9086,6039,164.4510,178.1569,118.4118,34.9458,50.4778,20.1300,0.68521242,0.98976035,0.59205882,0,0,0,1415,6.1658,179,0.7800,17012,74.1296,NULL,NULL,1723,7.5080,NULL,NULL,2529,11.0201,NULL,NULL,NULL,NULL,NULL,NULL,NULL,NULL,NULL,NULL,NULL,NULL,NULL,NULL,51,0.2222,NULL,NULL,NULL,NULL
"Kakheti",16,"Kvareli",29663,15567,15100,50.9052,5759,6591,3217,191.9667,219.7000,107.2333,23.9958,36.6167,10.7233,0.79986111,1.22055556,0.53616667,0,0,0,1177,7.7947,2,0.0132,11429,75.6887,NULL,NULL,869,5.7550,NULL,NULL,1623,10.7483,NULL,NULL,NULL,NULL,NULL,NULL,NULL,NULL,NULL,NULL,NULL,NULL,NULL,NULL,NULL,NULL,NULL,NULL,NULL,NULL
"Kakheti",15,"Lagodekhi",37456,17152,16561,44.2145,6372,7608,3172,193.0909,230.5455,96.1212,26.5500,42.2667,10.5733,0.80454545,1.28080808,0.48060606,0,0,0,981,5.9236,360,2.1738,12647,76.3662,NULL,NULL,549,3.3150,50,0.3019,1640,9.9028,NULL,NULL,151,0.9118,NULL,NULL,NULL,NULL,NULL,NULL,NULL,NULL,NULL,NULL,37,0.2234,NULL,NULL,NULL,NULL
"Kakheti",11,"Sagarejo",44000,21996,21307,48.4250,8602,9281,4113,179.2083,193.3542,85.6875,35.8417,51.5611,13.7100,0.74670139,1.07418981,0.42843750,0,0,0,1388,6.5143,75,0.3520,16408,77.0076,NULL,NULL,1431,6.7161,NULL,NULL,1721,8.0772,NULL,NULL,NULL,NULL,NULL,NULL,183,0.8589,NULL,NULL,NULL,NULL,NULL,NULL,73,0.3426,10,0.0469,NULL,NULL
"Kakheti",13,"Signagi",32240,18953,18586,57.6489,7224,8673,3056,206.4000,247.8000,87.3143,30.1000,48.1833,10.1867,0.86000000,1.37666667,0.43657143,0,0,0,1386,7.4572,185,0.9954,15277,82.1963,NULL,NULL,387,2.0822,NULL,NULL,1168,6.2843,NULL,NULL,NULL,NULL,NULL,NULL,52,0.2798,NULL,NULL,NULL,NULL,NULL,NULL,88,0.4735,9,0.0484,NULL,NULL
"Kakheti",17,"Telavi",57018,27249,26461,46.4082,9463,11218,6568,175.2407,207.7407,121.6296,39.4292,62.3222,21.8933,0.73016975,1.15411523,0.60814815,0,0,0,1440,5.4420,235,0.8881,20283,76.6524,NULL,NULL,1101,4.1608,NULL,NULL,2746,10.3775,NULL,NULL,NULL,NULL,19,0.0718,NULL,NULL,NULL,NULL,NULL,NULL,NULL,NULL,542,2.0483,NULL,NULL,NULL,NULL
"Kvemo Kartli",23,"Bolnisi",56425,29868,29179,51.7129,12288,11738,5842,198.1935,189.3226,94.2258,51.2000,65.2111,19.4733,0.82580645,1.05179211,0.47112903,0,0,0,691,2.3681,97,0.3324,24239,83.0700,NULL,NULL,994,3.4066,NULL,NULL,1736,5.9495,NULL,NULL,NULL,NULL,NULL,NULL,NULL,NULL,NULL,NULL,NULL,NULL,NULL,NULL,1289,4.4176,NULL,NULL,NULL,NULL
"Kvemo Kartli",24,"Dmanisi",22499,10641,10215,45.4020,5387,4311,943,107.7400,86.2200,18.8600,22.4458,23.9500,3.1433,0.44891667,0.47900000,0.09430000,0,0,0,245,2.3984,442,4.3270,6965,68.1840,NULL,NULL,1082,10.5923,NULL,NULL,712,6.9701,NULL,NULL,NULL,NULL,NULL,NULL,NULL,NULL,NULL,NULL,NULL,NULL,NULL,NULL,752,7.3617,NULL,NULL,NULL,NULL
"Kvemo Kartli",21,"Gardabani",71409,43260,42298,59.2334,15340,17324,10596,247.4194,279.4194,170.9032,63.9167,96.2444,35.3200,1.03091398,1.55232975,0.85451613,1,1,1,1366,3.2295,46,0.1088,37824,89.4227,NULL,NULL,1666,3.9387,NULL,NULL,1008,2.3831,NULL,NULL,NULL,NULL,NULL,NULL,NULL,NULL,NULL,NULL,NULL,NULL,NULL,NULL,277,0.6549,NULL,NULL,NULL,NULL
"Kvemo Kartli",22,"Marneuli",96325,47256,46487,48.2606,19193,19489,8574,223.1744,226.6163,99.6977,79.9708,108.2722,28.5800,0.92989341,1.25897933,0.49848837,0,0,0,1944,4.1818,1085,2.3340,37894,81.5153,NULL,NULL,2110,4.5389,NULL,NULL,2552,5.4897,NULL,NULL,NULL,NULL,NULL,NULL,NULL,NULL,NULL,NULL,NULL,NULL,NULL,NULL,888,1.9102,NULL,NULL,NULL,NULL
"Kvemo Kartli",20,"Rustavi",103679,42933,41581,40.1055,18656,17984,6293,222.0952,214.0952,74.9167,77.7333,99.9111,20.9767,0.92539683,1.18941799,0.37458333,0,0,0,2554,6.1422,491,1.1808,27516,66.1745,NULL,NULL,1890,4.5453,288,0.6926,6125,14.7303,NULL,NULL,NULL,NULL,836,2.0105,66,0.1587,210,0.5050,NULL,NULL,NULL,NULL,1540,3.7036,NULL,NULL,NULL,NULL
"Kvemo Kartli",26,"Tetritskaro",21147,11576,11268,53.2842,4053,4704,2819,98.8537,114.7317,68.7561,16.8875,26.1333,9.3967,0.41189024,0.63739837,0.34378049,0,0,1,199,1.7661,455,4.0380,8582,76.1626,NULL,NULL,302,2.6802,NULL,NULL,1059,9.3983,NULL,NULL,44,0.3905,NULL,NULL,NULL,NULL,NULL,NULL,NULL,NULL,NULL,NULL,627,5.5644,NULL,NULL,NULL,NULL
"Kvemo Kartli",25,"Tsalka",22669,8361,8090,35.6875,3895,3021,1445,86.5556,67.1333,32.1111,16.2292,16.7833,4.8167,0.36064815,0.37296296,0.16055556,0,0,0,862,10.6551,149,1.8418,5623,69.5056,NULL,NULL,827,10.2225,NULL,NULL,543,6.7120,NULL,NULL,NULL,NULL,NULL,NULL,NULL,NULL,NULL,NULL,NULL,NULL,NULL,NULL,71,0.8776,NULL,NULL,NULL,NULL
"Mtskheta-Mtianeti",28,"Dusheti",26804,14857,14384,53.6636,5849,5760,3248,110.3585,108.6792,61.2830,24.3708,32.0000,10.8267,0.45982704,0.60377358,0.30641509,0,0,0,686,4.7692,92,0.6396,12057,83.8223,NULL,NULL,1301,9.0448,35,0.2433,110,0.7647,NULL,NULL,NULL,NULL,NULL,NULL,NULL,NULL,NULL,NULL,NULL,NULL,NULL,NULL,72,0.5006,23,0.1599,NULL,NULL
"Mtskheta-Mtianeti",29,"Kazbegi",6025,3068,2976,49.3942,1117,1143,808,111.7000,114.3000,80.8000,4.6542,6.3500,2.6933,0.46541667,0.63500000,0.40400000,0,0,0,10,0.3360,NULL,NULL,2666,89.5833,NULL,NULL,298,10.0134,NULL,NULL,2,0.0672,NULL,NULL,NULL,NULL,NULL,NULL,NULL,NULL,NULL,NULL,NULL,NULL,NULL,NULL,NULL,NULL,NULL,NULL,NULL,NULL
"Mtskheta-Mtianeti",27,"Mtskheta",43246,28914,28215,65.2430,10700,10790,7424,254.7619,256.9048,176.7619,44.5833,59.9444,24.7467,1.06150794,1.42724868,0.88380952,0,0,1,874,3.0976,102,0.3615,23153,82.0592,NULL,NULL,2441,8.6514,NULL,NULL,181,0.6415,NULL,NULL,NULL,NULL,254,0.9002,NULL,NULL,NULL,NULL,NULL,NULL,NULL,NULL,NULL,NULL,1095,3.8809,NULL,NULL
"Mtskheta-Mtianeti",19,"Tianeti",11428,7272,7108,62.1981,2685,2841,1746,134.2500,142.0500,87.3000,11.1875,15.7833,5.8200,0.55937500,0.78916667,0.43650000,0,0,0,NULL,NULL,135,1.8993,5819,81.8655,NULL,NULL,1094,15.3911,NULL,NULL,7,0.0985,NULL,NULL,NULL,NULL,28,0.3939,NULL,NULL,NULL,NULL,NULL,NULL,NULL,NULL,NULL,NULL,25,0.3517,NULL,NULL
"Racha-Lechkhumi and Kvemo Svaneti",44,"Ambrolauri",12457,7818,7583,60.8734,4076,2763,979,110.1622,74.6757,26.4595,16.9833,15.3500,3.2633,0.45900901,0.41486486,0.13229730,0,0,0,872,11.4994,96,1.2660,5732,75.5901,NULL,NULL,649,8.5586,NULL,NULL,234,3.0858,NULL,NULL,NULL,NULL,NULL,NULL,NULL,NULL,NULL,NULL,NULL,NULL,NULL,NULL,NULL,NULL,NULL,NULL,NULL,NULL
"Racha-Lechkhumi and Kvemo Svaneti",46,"Lentekhi",6097,3855,3782,62.0305,2129,1036,690,106.4500,51.8000,34.5000,8.8708,5.7556,2.3000,0.44354167,0.28777778,0.17250000,0,0,0,318,8.4082,38,1.0048,2879,76.1237,NULL,NULL,339,8.9635,NULL,NULL,208,5.4997,NULL,NULL,NULL,NULL,NULL,NULL,NULL,NULL,NULL,NULL,NULL,NULL,NULL,NULL,NULL,NULL,NULL,NULL,NULL,NULL
"Racha-Lechkhumi and Kvemo Svaneti",43,"Oni",7009,3911,3830,54.6440,1898,1380,633,82.5217,60.0000,27.5217,7.9083,7.6667,2.1100,0.34384058,0.33333333,0.13760870,0,0,0,279,7.2846,15,0.3916,2833,73.9687,NULL,NULL,NULL,NULL,NULL,NULL,703,18.3551,NULL,NULL,NULL,NULL,NULL,NULL,NULL,NULL,NULL,NULL,NULL,NULL,NULL,NULL,NULL,NULL,NULL,NULL,NULL,NULL
"Racha-Lechkhumi and Kvemo Svaneti",45,"Tsageri",12374,7859,7718,62.3727,4374,2096,1389,109.3500,52.4000,34.7250,18.2250,11.6444,4.6300,0.45562500,0.29111111,0.17362500,0,0,0,1329,17.2195,NULL,NULL,5422,70.2514,NULL,NULL,NULL,NULL,NULL,NULL,963,12.4773,NULL,NULL,NULL,NULL,NULL,NULL,NULL,NULL,NULL,NULL,NULL,NULL,NULL,NULL,NULL,NULL,NULL,NULL,NULL,NULL
"Samegrelo-Zemo Svaneti",63,"Abasha",22221,12759,12456,56.0551,5016,5348,2395,218.0870,232.5217,104.1304,20.9000,29.7111,7.9833,0.90869565,1.29178744,0.52065217,0,0,0,1265,10.1557,872,7.0006,8425,67.6381,NULL,NULL,812,6.5189,NULL,NULL,931,7.4743,NULL,NULL,NULL,NULL,NULL,NULL,NULL,NULL,77,0.6182,NULL,NULL,NULL,NULL,56,0.4496,NULL,NULL,NULL,NULL
"Samegrelo-Zemo Svaneti",69,"Chkhorotsku",23409,12485,12044,51.4503,5843,4003,2639,216.4074,148.2593,97.7407,24.3458,22.2389,8.7967,0.90169753,0.82366255,0.48870370,0,0,0,1765,14.6546,341,2.8313,7427,61.6656,NULL,NULL,1077,8.9422,NULL,NULL,913,7.5805,NULL,NULL,NULL,NULL,NULL,NULL,NULL,NULL,NULL,NULL,NULL,NULL,NULL,NULL,518,4.3009,NULL,NULL,NULL,NULL
"Samegrelo-Zemo Svaneti",66,"Khobi",29914,16081,15545,51.9656,7373,6425,2283,230.4063,200.7813,71.3438,30.7208,35.6944,7.6100,0.96002604,1.11545139,0.35671875,0,0,0,300,1.9299,251,1.6147,11166,71.8302,NULL,NULL,2116,13.6121,NULL,NULL,957,6.1563,NULL,NULL,NULL,NULL,335,2.1550,NULL,NULL,NULL,NULL,NULL,NULL,NULL,NULL,409,2.6311,NULL,NULL,NULL,NULL
"Samegrelo-Zemo Svaneti",65,"Martvili",35424,20698,20167,56.9303,7289,7076,6333,186.8974,181.4359,162.3846,30.3708,39.3111,21.1100,0.77873932,1.00797721,0.81192308,0,0,1,1526,7.5668,529,2.6231,13199,65.4485,NULL,NULL,936,4.6412,NULL,NULL,1280,6.3470,NULL,NULL,NULL,NULL,2147,10.6461,NULL,NULL,NULL,NULL,NULL,NULL,NULL,NULL,526,2.6082,NULL,NULL,NULL,NULL
"Samegrelo-Zemo Svaneti",47,"Mestia",8524,4898,4745,55.6664,2764,1432,702,69.1000,35.8000,17.5500,11.5167,7.9556,2.3400,0.28791667,0.19888889,0.08775000,0,0,0,507,10.6849,34,0.7165,2873,60.5479,NULL,NULL,NULL,NULL,NULL,NULL,547,11.5279,NULL,NULL,NULL,NULL,761,16.0379,NULL,NULL,NULL,NULL,NULL,NULL,NULL,NULL,NULL,NULL,NULL,NULL,NULL,NULL
"Samegrelo-Zemo Svaneti",70,"Poti",39282,19264,18586,47.3143,9109,7143,3012,303.6333,238.1000,100.4000,37.9542,39.6833,10.0400,1.26513889,1.32277778,0.50200000,0,0,0,986,5.3051,489,2.6310,13490,72.5815,NULL,NULL,914,4.9177,NULL,NULL,2448,13.1712,NULL,NULL,NULL,NULL,NULL,NULL,NULL,NULL,NULL,NULL,NULL,NULL,NULL,NULL,252,1.3559,NULL,NULL,NULL,NULL
"Samegrelo-Zemo Svaneti",64,"Senaki",42945,21163,20532,47.8100,10365,7378,3420,241.0465,171.5814,79.5349,43.1875,40.9889,11.4000,1.00436047,0.95322997,0.39767442,2,0,0,2278,11.0949,121,0.5893,15109,73.5876,NULL,NULL,926,4.5100,NULL,NULL,1727,8.4113,NULL,NULL,NULL,NULL,70,0.3409,NULL,NULL,NULL,NULL,NULL,NULL,NULL,NULL,20,0.0974,NULL,NULL,248,1.2079
"Samegrelo-Zemo Svaneti",68,"Tsalenjikha",32152,13370,12839,39.9322,5975,4789,2606,213.3929,171.0357,93.0714,24.8958,26.6056,8.6867,0.88913690,0.95019841,0.46535714,0,0,0,2068,16.1072,1117,8.7001,8098,63.0734,NULL,NULL,457,3.5595,NULL,NULL,933,7.2669,NULL,NULL,NULL,NULL,NULL,NULL,NULL,NULL,NULL,NULL,NULL,NULL,NULL,NULL,151,1.1761,NULL,NULL,NULL,NULL
"Samegrelo-Zemo Svaneti",67,"Zugdidi",128573,47704,46311,36.0192,18943,17760,11001,180.4095,169.1429,104.7714,78.9292,98.6667,36.6700,0.75170635,0.93968254,0.52385714,0,0,0,6369,13.7527,995,2.1485,32369,69.8948,NULL,NULL,3738,8.0715,NULL,NULL,1578,3.4074,NULL,NULL,NULL,NULL,376,0.8119,NULL,NULL,265,0.5722,NULL,NULL,NULL,NULL,527,1.1380,NULL,NULL,NULL,NULL
"Samtskhe-Javakheti",38,"Adigeni",15780,11411,11239,71.2231,4488,5064,1859,249.3333,281.3333,103.2778,18.7000,28.1333,6.1967,1.03888889,1.56296296,0.51638889,0,0,0,200,1.7795,35,0.3114,10478,93.2289,NULL,NULL,NULL,NULL,NULL,NULL,315,2.8027,NULL,NULL,NULL,NULL,NULL,NULL,NULL,NULL,NULL,NULL,NULL,NULL,NULL,NULL,201,1.7884,NULL,NULL,NULL,NULL
"Samtskhe-Javakheti",40,"Akhalkalaki",41551,29417,29033,69.8732,12016,12104,5297,174.1449,175.4203,76.7681,50.0667,67.2444,17.6567,0.72560386,0.97455717,0.38384058,0,0,0,NULL,NULL,NULL,NULL,25274,87.0527,NULL,NULL,2268,7.8118,NULL,NULL,946,3.2584,NULL,NULL,NULL,NULL,NULL,NULL,NULL,NULL,NULL,NULL,NULL,NULL,NULL,NULL,470,1.6188,NULL,NULL,NULL,NULL
"Samtskhe-Javakheti",37,"Akhaltsikhe",36295,24005,23679,65.2404,8317,10297,5391,237.6286,294.2000,154.0286,34.6542,57.2056,17.9700,0.99011905,1.63444444,0.77014286,0,0,0,586,2.4748,48,0.2027,19906,84.0661,NULL,NULL,1576,6.6557,NULL,NULL,1284,5.4225,NULL,NULL,NULL,NULL,NULL,NULL,NULL,NULL,NULL,NULL,NULL,NULL,NULL,NULL,260,1.0980,NULL,NULL,NULL,NULL
"Samtskhe-Javakheti",39,"Aspindza",9860,6935,6824,69.2089,2576,2924,1435,112.0000,127.1304,62.3913,10.7333,16.2444,4.7833,0.46666667,0.70628019,0.31195652,0,0,0,598,8.7632,NULL,NULL,4801,70.3546,NULL,NULL,329,4.8212,NULL,NULL,887,12.9982,NULL,NULL,NULL,NULL,NULL,NULL,NULL,NULL,NULL,NULL,NULL,NULL,NULL,NULL,193,2.8283,NULL,NULL,NULL,NULL
"Samtskhe-Javakheti",36,"Borjomi",27749,13995,13669,49.2594,6196,5918,1881,206.5333,197.2667,62.7000,25.8167,32.8778,6.2700,0.86055556,1.09592593,0.31350000,0,0,0,640,4.6821,2113,15.4583,8517,62.3089,NULL,NULL,382,2.7946,NULL,NULL,1181,8.6400,NULL,NULL,NULL,NULL,NULL,NULL,NULL,NULL,NULL,NULL,NULL,NULL,NULL,NULL,825,6.0356,NULL,NULL,NULL,NULL
"Samtskhe-Javakheti",41,"Ninotsminda",22751,17293,16948,74.4934,7047,6051,4195,195.7500,168.0833,116.5278,29.3625,33.6167,13.9833,0.81562500,0.93379630,0.58263889,0,0,1,NULL,NULL,235,1.3866,14910,87.9750,NULL,NULL,225,1.3276,NULL,NULL,1023,6.0361,NULL,NULL,NULL,NULL,NULL,NULL,NULL,NULL,NULL,NULL,NULL,NULL,NULL,NULL,555,3.2747,NULL,NULL,NULL,NULL
"Shida Kartli",32,"Gori",111946,66072,64723,57.8163,24831,24589,16652,236.4857,234.1810,158.5905,103.4625,136.6056,55.5067,0.98535714,1.30100529,0.79295238,0,0,2,4485,6.9295,461,0.7123,48493,74.9239,NULL,NULL,2603,4.0218,NULL,NULL,6739,10.4121,NULL,NULL,271,0.4187,NULL,NULL,NULL,NULL,NULL,NULL,NULL,NULL,NULL,NULL,1457,2.2511,NULL,NULL,NULL,NULL
"Shida Kartli",33,"Kareli",37146,23475,23030,61.9986,8918,9307,5250,228.6667,238.6410,134.6154,37.1583,51.7056,17.5000,0.95277778,1.32578348,0.67307692,0,0,0,2083,9.0447,530,2.3013,17270,74.9891,NULL,NULL,1363,5.9184,NULL,NULL,1402,6.0877,NULL,NULL,47,0.2041,NULL,NULL,NULL,NULL,NULL,NULL,NULL,NULL,NULL,NULL,327,1.4199,NULL,NULL,NULL,NULL
"Shida Kartli",30,"Kaspi",40313,24359,23990,59.5093,9571,8986,5802,251.8684,236.4737,152.6842,39.8792,49.9222,19.3400,1.04945175,1.31374269,0.76342105,0,0,1,1672,6.9696,515,2.1467,19145,79.8041,NULL,NULL,818,3.4098,NULL,NULL,1500,6.2526,NULL,NULL,NULL,NULL,NULL,NULL,NULL,NULL,NULL,NULL,NULL,NULL,NULL,NULL,301,1.2547,NULL,NULL,NULL,NULL
"Shida Kartli",35,"Khashuri",49190,30789,30381,61.7626,8694,13849,8246,170.4706,271.5490,161.6863,36.2250,76.9389,27.4867,0.71029412,1.50860566,0.80843137,0,0,0,2455,8.0807,40,0.1317,24048,79.1547,NULL,NULL,864,2.8439,NULL,NULL,2028,6.6752,NULL,NULL,NULL,NULL,NULL,NULL,NULL,NULL,NULL,NULL,NULL,NULL,NULL,NULL,882,2.9031,34,0.1119,NULL,NULL
"Tbilisi",999,"Tbilisi",959976,446917,428239,44.6093,179361,196256,71300,249.4590,272.9569,99.1655,747.3375,1090.3111,237.6667,1.03941238,1.51642714,0.49582754,2,1,6,76793,17.9323,22989,5.3683,235320,54.9506,NULL,NULL,33049,7.7174,2323,0.5425,41692,9.7357,49,0.0114,NULL,NULL,3183,0.7433,413,0.0964,192,0.0448,1762,0.4115,NULL,NULL,3105,0.7251,NULL,NULL,6403,1.4952
