"region",district_id,"district_Name",precinct_id,"precinct_name",possible voters,total ballots cast,total valid ballots cast,percent voters voting,votes 8-12,votes 12-17,votes 17-20,vpm 8-12,vpm 12-17,vpm 17-20,5- United National Movement,5- United National Movement vote share,10 - Christian-democratic movement,10 - Christian-democratic movement vote share,16 - Future Party,16 - Future Party vote share,21 - Tortladze- democratic party,21 - Tortladze- democratic party vote share,24 - Movement for fair Georgia,24 - Movement for fair Georgia vote share,25 - Ivanishvili-Public democrats,25 - Ivanishvili-Public democrats vote share
"Tbilisi",7,"Chugureti",1,"7-1",1432,NULL,691,48.2542,NULL,NULL,NULL,NULL,NULL,NULL,318,46.0203,194,28.0753,NULL,NULL,13,1.8813,55,7.9595,111,16.0637
"Tbilisi",7,"Chugureti",2,"7-2",1229,NULL,601,48.9015,NULL,NULL,NULL,NULL,NULL,NULL,393,65.3910,95,15.8070,NULL,NULL,10,1.6639,24,3.9933,79,13.1448
"Tbilisi",7,"Chugureti",3,"7-3",1213,NULL,519,42.7865,NULL,NULL,NULL,NULL,NULL,NULL,256,49.3256,122,23.5067,NULL,NULL,14,2.6975,46,8.8632,81,15.6069
"Tbilisi",7,"Chugureti",4,"7-4",1432,NULL,678,47.3464,NULL,NULL,NULL,NULL,NULL,NULL,541,79.7935,65,9.5870,NULL,NULL,7,1.0324,30,4.4248,35,5.1622
"Tbilisi",7,"Chugureti",5,"7-5",1440,NULL,537,37.2917,NULL,NULL,NULL,NULL,NULL,NULL,404,75.2328,81,15.0838,NULL,NULL,4,0.7449,10,1.8622,38,7.0764
"Tbilisi",7,"Chugureti",6,"7-6",1337,NULL,560,41.8848,NULL,NULL,NULL,NULL,NULL,NULL,390,69.6429,89,15.8929,NULL,NULL,6,1.0714,36,6.4286,39,6.9643
"Tbilisi",7,"Chugureti",7,"7-7",1450,NULL,747,51.5172,NULL,NULL,NULL,NULL,NULL,NULL,494,66.1312,110,14.7256,NULL,NULL,10,1.3387,80,10.7095,53,7.0950
"Tbilisi",7,"Chugureti",8,"7-8",1437,NULL,545,37.9262,NULL,NULL,NULL,NULL,NULL,NULL,364,66.7890,89,16.3303,NULL,NULL,6,1.1009,36,6.6055,50,9.1743
"Tbilisi",7,"Chugureti",9,"7-9",1410,NULL,613,43.4752,NULL,NULL,NULL,NULL,NULL,NULL,371,60.5220,108,17.6183,NULL,NULL,24,3.9152,26,4.2414,84,13.7031
"Tbilisi",7,"Chugureti",10,"7-10",1328,NULL,582,43.8253,NULL,NULL,NULL,NULL,NULL,NULL,403,69.2440,85,14.6048,NULL,NULL,8,1.3746,24,4.1237,62,10.6529
"Tbilisi",7,"Chugureti",11,"7-11",1299,NULL,604,46.4973,NULL,NULL,NULL,NULL,NULL,NULL,372,61.5894,92,15.2318,NULL,NULL,28,4.6358,49,8.1126,63,10.4305
"Tbilisi",7,"Chugureti",12,"7-12",1312,NULL,597,45.5030,NULL,NULL,NULL,NULL,NULL,NULL,359,60.1340,108,18.0905,NULL,NULL,13,2.1776,38,6.3652,79,13.2328
"Tbilisi",7,"Chugureti",13,"7-13",1188,NULL,503,42.3401,NULL,NULL,NULL,NULL,NULL,NULL,316,62.8231,81,16.1034,NULL,NULL,8,1.5905,29,5.7654,69,13.7177
"Tbilisi",7,"Chugureti",14,"7-14",1446,NULL,885,61.2033,NULL,NULL,NULL,NULL,NULL,NULL,654,73.8983,124,14.0113,NULL,NULL,7,0.7910,22,2.4859,78,8.8136
"Tbilisi",7,"Chugureti",15,"7-15",1293,NULL,593,45.8623,NULL,NULL,NULL,NULL,NULL,NULL,381,64.2496,125,21.0793,NULL,NULL,11,1.8550,20,3.3727,56,9.4435
"Tbilisi",7,"Chugureti",16,"7-16",1442,NULL,686,47.5728,NULL,NULL,NULL,NULL,NULL,NULL,415,60.4956,160,23.3236,NULL,NULL,14,2.0408,36,5.2478,61,8.8921
"Tbilisi",7,"Chugureti",17,"7-17",1444,NULL,578,40.0277,NULL,NULL,NULL,NULL,NULL,NULL,365,63.1488,100,17.3010,NULL,NULL,15,2.5952,32,5.5363,66,11.4187
"Tbilisi",7,"Chugureti",18,"7-18",1453,NULL,674,46.3868,NULL,NULL,NULL,NULL,NULL,NULL,488,72.4036,105,15.5786,NULL,NULL,10,1.4837,15,2.2255,56,8.3086
"Tbilisi",7,"Chugureti",19,"7-19",1475,NULL,655,44.4068,NULL,NULL,NULL,NULL,NULL,NULL,424,64.7328,145,22.1374,NULL,NULL,19,2.9008,17,2.5954,50,7.6336
"Tbilisi",7,"Chugureti",20,"7-20",1371,NULL,783,57.1116,NULL,NULL,NULL,NULL,NULL,NULL,571,72.9246,121,15.4534,NULL,NULL,14,1.7880,15,1.9157,62,7.9183
"Tbilisi",7,"Chugureti",21,"7-21",1467,NULL,710,48.3981,NULL,NULL,NULL,NULL,NULL,NULL,487,68.5915,106,14.9296,NULL,NULL,14,1.9718,31,4.3662,72,10.1408
"Tbilisi",7,"Chugureti",22,"7-22",1436,NULL,636,44.2897,NULL,NULL,NULL,NULL,NULL,NULL,461,72.4843,96,15.0943,NULL,NULL,9,1.4151,19,2.9874,51,8.0189
"Tbilisi",7,"Chugureti",23,"7-23",1333,NULL,528,39.6099,NULL,NULL,NULL,NULL,NULL,NULL,399,75.5682,75,14.2045,NULL,NULL,7,1.3258,19,3.5985,28,5.3030
"Tbilisi",7,"Chugureti",24,"7-24",1362,NULL,605,44.4200,NULL,NULL,NULL,NULL,NULL,NULL,426,70.4132,88,14.5455,NULL,NULL,12,1.9835,27,4.4628,52,8.5950
"Tbilisi",7,"Chugureti",25,"7-25",1312,NULL,537,40.9299,NULL,NULL,NULL,NULL,NULL,NULL,281,52.3277,77,14.3389,NULL,NULL,53,9.8696,40,7.4488,86,16.0149
"Tbilisi",7,"Chugureti",26,"7-26",1414,NULL,675,47.7369,NULL,NULL,NULL,NULL,NULL,NULL,498,73.7778,78,11.5556,NULL,NULL,25,3.7037,25,3.7037,49,7.2593
"Tbilisi",7,"Chugureti",27,"7-27",1221,NULL,549,44.9631,NULL,NULL,NULL,NULL,NULL,NULL,345,62.8415,107,19.4900,NULL,NULL,10,1.8215,27,4.9180,60,10.9290
"Tbilisi",7,"Chugureti",28,"7-28",1480,NULL,685,46.2838,NULL,NULL,NULL,NULL,NULL,NULL,433,63.2117,131,19.1241,NULL,NULL,18,2.6277,38,5.5474,65,9.4891
"Tbilisi",7,"Chugureti",29,"7-29",1063,NULL,406,38.1938,NULL,NULL,NULL,NULL,NULL,NULL,227,55.9113,81,19.9507,NULL,NULL,6,1.4778,31,7.6355,61,15.0246
"Tbilisi",7,"Chugureti",30,"7-30",1068,NULL,478,44.7566,NULL,NULL,NULL,NULL,NULL,NULL,348,72.8033,73,15.2720,NULL,NULL,7,1.4644,13,2.7197,37,7.7406
"Tbilisi",7,"Chugureti",31,"7-31",1429,NULL,703,49.1952,NULL,NULL,NULL,NULL,NULL,NULL,476,67.7098,120,17.0697,NULL,NULL,12,1.7070,28,3.9829,67,9.5306
"Tbilisi",7,"Chugureti",32,"7-32",1464,NULL,695,47.4727,NULL,NULL,NULL,NULL,NULL,NULL,492,70.7914,142,20.4317,NULL,NULL,8,1.1511,14,2.0144,39,5.6115
"Tbilisi",7,"Chugureti",33,"7-33",1462,NULL,570,38.9877,NULL,NULL,NULL,NULL,NULL,NULL,380,66.6667,107,18.7719,NULL,NULL,13,2.2807,22,3.8596,48,8.4211
"Tbilisi",7,"Chugureti",34,"7-34",1368,NULL,587,42.9094,NULL,NULL,NULL,NULL,NULL,NULL,405,68.9949,91,15.5026,NULL,NULL,11,1.8739,22,3.7479,58,9.8807
"Tbilisi",7,"Chugureti",35,"7-35",1291,NULL,650,50.3486,NULL,NULL,NULL,NULL,NULL,NULL,462,71.0769,95,14.6154,NULL,NULL,7,1.0769,40,6.1538,46,7.0769
"Tbilisi",7,"Chugureti",36,"7-36",1266,NULL,546,43.1280,NULL,NULL,NULL,NULL,NULL,NULL,351,64.2857,74,13.5531,NULL,NULL,9,1.6484,31,5.6777,81,14.8352
"Tbilisi",7,"Chugureti",37,"7-37",1160,NULL,491,42.3276,NULL,NULL,NULL,NULL,NULL,NULL,321,65.3768,77,15.6823,NULL,NULL,4,0.8147,21,4.2770,68,13.8493
"Tbilisi",7,"Chugureti",38,"7-38",1412,NULL,558,39.5184,NULL,NULL,NULL,NULL,NULL,NULL,316,56.6308,97,17.3835,NULL,NULL,17,3.0466,43,7.7061,85,15.2330
"Tbilisi",7,"Chugureti",39,"7-39",830,NULL,551,66.3855,NULL,NULL,NULL,NULL,NULL,NULL,437,79.3103,83,15.0635,NULL,NULL,5,0.9074,14,2.5408,12,2.1779
"Tbilisi",7,"Chugureti",40,"7-40",1499,NULL,627,41.8279,NULL,NULL,NULL,NULL,NULL,NULL,401,63.9553,127,20.2552,NULL,NULL,9,1.4354,25,3.9872,65,10.3668
"Tbilisi",7,"Chugureti",41,"7-41",796,NULL,347,43.5930,NULL,NULL,NULL,NULL,NULL,NULL,199,57.3487,74,21.3256,NULL,NULL,9,2.5937,13,3.7464,52,14.9856
"Tbilisi",7,"Chugureti",42,"7-42",977,NULL,80,8.1883,NULL,NULL,NULL,NULL,NULL,NULL,54,67.5000,13,16.2500,NULL,NULL,2,2.5000,5,6.2500,6,7.5000
"Tbilisi",7,"Chugureti",43,"7-43",831,NULL,51,6.1372,NULL,NULL,NULL,NULL,NULL,NULL,41,80.3922,5,9.8039,NULL,NULL,1,1.9608,2,3.9216,2,3.9216
