Event, Shape Type, Indicator Type, en: Indicator Name, ka: Indicator Name,en: Scale Name, ka: Scale Name, Scale Color,en: Scale Name, ka: Scale Name, Scale Color,en: Scale Name, ka: Scale Name, Scale Color,en: Scale Name, ka: Scale Name, Scale Color,en: Scale Name, ka: Scale Name, Scale Color,en: Scale Name, ka: Scale Name, Scale Color,en: Scale Name, ka: Scale Name, Scale Color,en: Scale Name, ka: Scale Name, Scale Color,en: Scale Name, ka: Scale Name, Scale Color,en: Scale Name, ka: Scale Name, Scale Color,en: Scale Name, ka: Scale Name, Scale Color,en: Scale Name, ka: Scale Name, Scale Color,en: Scale Name, ka: Scale Name, Scale Color
2010 Tbilisi Mayor Election,Country,Indicators,Number of Precincts with votes per minute > 3 (08:00-12:00),ხმების რაოდენობა ერთ წუთში (08:00-12:00),,0,0,,0-2,0-2,,2-4,2-4,,4-6,4-6,,6-8,6-8,,8-10,8-10,,>10,>10,
2010 Tbilisi Mayor Election,Country,Indicators,Number of Precincts with votes per minute > 3 (12:00-17:00),ხმების რაოდენობა ერთ წუთში (12:00-17:00),,0,0,,0-2,0-2,,2-4,2-4,,4-6,4-6,,6-8,6-8,,8-10,8-10,,>10,>10,
2010 Tbilisi Mayor Election,Country,Indicators,Number of Precincts with votes per minute > 3 (17:00-20:00),ხმების რაოდენობა ერთ წუთში (17:00-20:00),,0,0,,0-2,0-2,,2-4,2-4,,4-6,4-6,,6-8,6-8,,8-10,8-10,,>10,>10,
2010 Tbilisi Mayor Election,Country,Indicators,Total Turnout (%),სულ (%),%,0-5,0-5,,5-10,5-10,,10-15,10-15,,15-20,15-20,,20-30,20-30,,30-40,30-40,,40-50,40-50,,50-60,50-60,,60-70,60-70,,70-80,70-80,,80-90,80-90,,90-100,90-100,,>100,>100,
2010 Tbilisi Mayor Election,Country,Indicators,Total Turnout (#),სულ (#),,0,0,,0-400000,0-400000,,400000-800000,400000-800000,,800000-1200000,800000-1200000,,1200000-1600000,1200000-1600000,,1600000-2000000,1600000-2000000,,>2000000,>2000000,
2010 Tbilisi Mayor Election,Country,Political Results,Davit Iakobidze,დავით იაკობიძე,%,0-5,0-5,,5-10,5-10,,10-15,10-15,,15-20,15-20,,20-30,20-30,,30-40,30-40,,40-50,40-50,,50-60,50-60,,60-70,60-70,,70-80,70-80,,80-90,80-90,,90-100,90-100,,>100,>100,
2010 Tbilisi Mayor Election,Country,Political Results,Gigi Ugulava,გიგი უგულავა,%,0-5,0-5,,5-10,5-10,,10-15,10-15,,15-20,15-20,,20-30,20-30,,30-40,30-40,,40-50,40-50,,50-60,50-60,,60-70,60-70,,70-80,70-80,,80-90,80-90,,90-100,90-100,,>100,>100,
2010 Tbilisi Mayor Election,Country,Political Results,Giorgi Chanturia,გია ჭანტურია,%,0-5,0-5,,5-10,5-10,,10-15,10-15,,15-20,15-20,,20-30,20-30,,30-40,30-40,,40-50,40-50,,50-60,50-60,,60-70,60-70,,70-80,70-80,,80-90,80-90,,90-100,90-100,,>100,>100,
2010 Tbilisi Mayor Election,Country,Political Results,Giorgi Laghidze,გიორგი ლაღიძე,%,0-5,0-5,,5-10,5-10,,10-15,10-15,,15-20,15-20,,20-30,20-30,,30-40,30-40,,40-50,40-50,,50-60,50-60,,60-70,60-70,,70-80,70-80,,80-90,80-90,,90-100,90-100,,>100,>100,
2010 Tbilisi Mayor Election,Country,Political Results,Giorgi Topadze,გოგი თოფაძე,%,0-5,0-5,,5-10,5-10,,10-15,10-15,,15-20,15-20,,20-30,20-30,,30-40,30-40,,40-50,40-50,,50-60,50-60,,60-70,60-70,,70-80,70-80,,80-90,80-90,,90-100,90-100,,>100,>100,
2010 Tbilisi Mayor Election,Country,Political Results,Irakli Alasania,ირაკლი ალასანია,%,0-5,0-5,,5-10,5-10,,10-15,10-15,,15-20,15-20,,20-30,20-30,,30-40,30-40,,40-50,40-50,,50-60,50-60,,60-70,60-70,,70-80,70-80,,80-90,80-90,,90-100,90-100,,>100,>100,
2010 Tbilisi Mayor Election,Country,Political Results,Nikoloz Ivanishvili,ნიკოლოზ ივანიშვილი,%,0-5,0-5,,5-10,5-10,,10-15,10-15,,15-20,15-20,,20-30,20-30,,30-40,30-40,,40-50,40-50,,50-60,50-60,,60-70,60-70,,70-80,70-80,,80-90,80-90,,90-100,90-100,,>100,>100,
2010 Tbilisi Mayor Election,Country,Political Results,Tamaz Vashadze,თამაზ ვაშაძე,%,0-5,0-5,,5-10,5-10,,10-15,10-15,,15-20,15-20,,20-30,20-30,,30-40,30-40,,40-50,40-50,,50-60,50-60,,60-70,60-70,,70-80,70-80,,80-90,80-90,,90-100,90-100,,>100,>100,
2010 Tbilisi Mayor Election,Country,Political Results,Zviad Dzidziguri,ზვიად ძიძიგური,%,0-5,0-5,,5-10,5-10,,10-15,10-15,,15-20,15-20,,20-30,20-30,,30-40,30-40,,40-50,40-50,,50-60,50-60,,60-70,60-70,,70-80,70-80,,80-90,80-90,,90-100,90-100,,>100,>100,
2010 Tbilisi Mayor Election,Region,Indicators,Number of Precincts with votes per minute > 3 (08:00-12:00),ხმების რაოდენობა ერთ წუთში (08:00-12:00),,0,0,,0-1,0-1,,0-2,0-2,,2-3,2-3,,>3,>3,
2010 Tbilisi Mayor Election,Region,Indicators,Number of Precincts with votes per minute > 3 (12:00-17:00),ხმების რაოდენობა ერთ წუთში (12:00-17:00),,0,0,,0-1,0-1,,0-2,0-2,,2-3,2-3,,>3,>3,
2010 Tbilisi Mayor Election,Region,Indicators,Number of Precincts with votes per minute > 3 (17:00-20:00),ხმების რაოდენობა ერთ წუთში (17:00-20:00),,0,0,,0-1,0-1,,0-2,0-2,,2-3,2-3,,>3,>3,
2010 Tbilisi Mayor Election,Region,Indicators,Total Turnout (%),სულ (%),%,0-5,0-5,,5-10,5-10,,10-15,10-15,,15-20,15-20,,20-30,20-30,,30-40,30-40,,40-50,40-50,,50-60,50-60,,60-70,60-70,,70-80,70-80,,80-90,80-90,,90-100,90-100,,>100,>100,
2010 Tbilisi Mayor Election,Region,Indicators,Total Turnout (#),სულ (#),,0,0,,0-50000,0-50000,,50000-100000,50000-100000,,100000-150000,100000-150000,,150000-200000,150000-200000,,200000-300000,200000-300000,,300000-400000,300000-400000,,400000-500000,400000-500000,,>500000,>500000,
2010 Tbilisi Mayor Election,Region,Political Results,Davit Iakobidze,დავით იაკობიძე,%,0-5,0-5,,5-10,5-10,,10-15,10-15,,15-20,15-20,,20-30,20-30,,30-40,30-40,,40-50,40-50,,50-60,50-60,,60-70,60-70,,70-80,70-80,,80-90,80-90,,90-100,90-100,,>100,>100,
2010 Tbilisi Mayor Election,Region,Political Results,Gigi Ugulava,გიგი უგულავა,%,0-5,0-5,,5-10,5-10,,10-15,10-15,,15-20,15-20,,20-30,20-30,,30-40,30-40,,40-50,40-50,,50-60,50-60,,60-70,60-70,,70-80,70-80,,80-90,80-90,,90-100,90-100,,>100,>100,
2010 Tbilisi Mayor Election,Region,Political Results,Giorgi Chanturia,გია ჭანტურია,%,0-5,0-5,,5-10,5-10,,10-15,10-15,,15-20,15-20,,20-30,20-30,,30-40,30-40,,40-50,40-50,,50-60,50-60,,60-70,60-70,,70-80,70-80,,80-90,80-90,,90-100,90-100,,>100,>100,
2010 Tbilisi Mayor Election,Region,Political Results,Giorgi Laghidze,გიორგი ლაღიძე,%,0-5,0-5,,5-10,5-10,,10-15,10-15,,15-20,15-20,,20-30,20-30,,30-40,30-40,,40-50,40-50,,50-60,50-60,,60-70,60-70,,70-80,70-80,,80-90,80-90,,90-100,90-100,,>100,>100,
2010 Tbilisi Mayor Election,Region,Political Results,Giorgi Topadze,გოგი თოფაძე,%,0-5,0-5,,5-10,5-10,,10-15,10-15,,15-20,15-20,,20-30,20-30,,30-40,30-40,,40-50,40-50,,50-60,50-60,,60-70,60-70,,70-80,70-80,,80-90,80-90,,90-100,90-100,,>100,>100,
2010 Tbilisi Mayor Election,Region,Political Results,Irakli Alasania,ირაკლი ალასანია,%,0-5,0-5,,5-10,5-10,,10-15,10-15,,15-20,15-20,,20-30,20-30,,30-40,30-40,,40-50,40-50,,50-60,50-60,,60-70,60-70,,70-80,70-80,,80-90,80-90,,90-100,90-100,,>100,>100,
2010 Tbilisi Mayor Election,Region,Political Results,Nikoloz Ivanishvili,ნიკოლოზ ივანიშვილი,%,0-5,0-5,,5-10,5-10,,10-15,10-15,,15-20,15-20,,20-30,20-30,,30-40,30-40,,40-50,40-50,,50-60,50-60,,60-70,60-70,,70-80,70-80,,80-90,80-90,,90-100,90-100,,>100,>100,
2010 Tbilisi Mayor Election,Region,Political Results,Tamaz Vashadze,თამაზ ვაშაძე,%,0-5,0-5,,5-10,5-10,,10-15,10-15,,15-20,15-20,,20-30,20-30,,30-40,30-40,,40-50,40-50,,50-60,50-60,,60-70,60-70,,70-80,70-80,,80-90,80-90,,90-100,90-100,,>100,>100,
2010 Tbilisi Mayor Election,Region,Political Results,Zviad Dzidziguri,ზვიად ძიძიგური,%,0-5,0-5,,5-10,5-10,,10-15,10-15,,15-20,15-20,,20-30,20-30,,30-40,30-40,,40-50,40-50,,50-60,50-60,,60-70,60-70,,70-80,70-80,,80-90,80-90,,90-100,90-100,,>100,>100,
2010 Tbilisi Mayor Election,District,Indicators,Number of Precincts with votes per minute > 3 (08:00-12:00),ხმების რაოდენობა ერთ წუთში (08:00-12:00),,0,0,,0-2,0-2,,2-4,2-4,,4-6,4-6,,6-8,6-8,,8-10,8-10,,>10,>10,
2010 Tbilisi Mayor Election,District,Indicators,Number of Precincts with votes per minute > 3 (12:00-17:00),ხმების რაოდენობა ერთ წუთში (12:00-17:00),,0,0,,0-2,0-2,,2-4,2-4,,4-6,4-6,,6-8,6-8,,8-10,8-10,,>10,>10,
2010 Tbilisi Mayor Election,District,Indicators,Number of Precincts with votes per minute > 3 (17:00-20:00),ხმების რაოდენობა ერთ წუთში (17:00-20:00),,0,0,,0-2,0-2,,2-4,2-4,,4-6,4-6,,6-8,6-8,,8-10,8-10,,>10,>10,
2010 Tbilisi Mayor Election,District,Indicators,Total Turnout (%),სულ (%),%,0-5,0-5,,5-10,5-10,,10-15,10-15,,15-20,15-20,,20-30,20-30,,30-40,30-40,,40-50,40-50,,50-60,50-60,,60-70,60-70,,70-80,70-80,,80-90,80-90,,90-100,90-100,,>100,>100,
2010 Tbilisi Mayor Election,District,Indicators,Total Turnout (#),სულ (#),,0,0,,0-5000,0-5000,,5000-10000,5000-10000,,10000-15000,10000-15000,,15000-20000,15000-20000,,20000-25000,20000-25000,,>25000,>25000,
2010 Tbilisi Mayor Election,District,Political Results,Davit Iakobidze,დავით იაკობიძე,%,0-5,0-5,,5-10,5-10,,10-15,10-15,,15-20,15-20,,20-30,20-30,,30-40,30-40,,40-50,40-50,,50-60,50-60,,60-70,60-70,,70-80,70-80,,80-90,80-90,,90-100,90-100,,>100,>100,
2010 Tbilisi Mayor Election,District,Political Results,Gigi Ugulava,გიგი უგულავა,%,0-5,0-5,,5-10,5-10,,10-15,10-15,,15-20,15-20,,20-30,20-30,,30-40,30-40,,40-50,40-50,,50-60,50-60,,60-70,60-70,,70-80,70-80,,80-90,80-90,,90-100,90-100,,>100,>100,
2010 Tbilisi Mayor Election,District,Political Results,Giorgi Chanturia,გია ჭანტურია,%,0-5,0-5,,5-10,5-10,,10-15,10-15,,15-20,15-20,,20-30,20-30,,30-40,30-40,,40-50,40-50,,50-60,50-60,,60-70,60-70,,70-80,70-80,,80-90,80-90,,90-100,90-100,,>100,>100,
2010 Tbilisi Mayor Election,District,Political Results,Giorgi Laghidze,გიორგი ლაღიძე,%,0-5,0-5,,5-10,5-10,,10-15,10-15,,15-20,15-20,,20-30,20-30,,30-40,30-40,,40-50,40-50,,50-60,50-60,,60-70,60-70,,70-80,70-80,,80-90,80-90,,90-100,90-100,,>100,>100,
2010 Tbilisi Mayor Election,District,Political Results,Giorgi Topadze,გოგი თოფაძე,%,0-5,0-5,,5-10,5-10,,10-15,10-15,,15-20,15-20,,20-30,20-30,,30-40,30-40,,40-50,40-50,,50-60,50-60,,60-70,60-70,,70-80,70-80,,80-90,80-90,,90-100,90-100,,>100,>100,
2010 Tbilisi Mayor Election,District,Political Results,Irakli Alasania,ირაკლი ალასანია,%,0-5,0-5,,5-10,5-10,,10-15,10-15,,15-20,15-20,,20-30,20-30,,30-40,30-40,,40-50,40-50,,50-60,50-60,,60-70,60-70,,70-80,70-80,,80-90,80-90,,90-100,90-100,,>100,>100,
2010 Tbilisi Mayor Election,District,Political Results,Nikoloz Ivanishvili,ნიკოლოზ ივანიშვილი,%,0-5,0-5,,5-10,5-10,,10-15,10-15,,15-20,15-20,,20-30,20-30,,30-40,30-40,,40-50,40-50,,50-60,50-60,,60-70,60-70,,70-80,70-80,,80-90,80-90,,90-100,90-100,,>100,>100,
2010 Tbilisi Mayor Election,District,Political Results,Tamaz Vashadze,თამაზ ვაშაძე,%,0-5,0-5,,5-10,5-10,,10-15,10-15,,15-20,15-20,,20-30,20-30,,30-40,30-40,,40-50,40-50,,50-60,50-60,,60-70,60-70,,70-80,70-80,,80-90,80-90,,90-100,90-100,,>100,>100,
2010 Tbilisi Mayor Election,District,Political Results,Zviad Dzidziguri,ზვიად ძიძიგური,%,0-5,0-5,,5-10,5-10,,10-15,10-15,,15-20,15-20,,20-30,20-30,,30-40,30-40,,40-50,40-50,,50-60,50-60,,60-70,60-70,,70-80,70-80,,80-90,80-90,,90-100,90-100,,>100,>100,
2010 Tbilisi Mayor Election,Precinct,Indicators,Average votes per minute (08:00-12:00),ხმების რაოდენობა ერთ წუთში (08:00-12:00),,0,0,,0-1,0-1,,1-2,1-2,,2-3,2-3,,>3,>3,
2010 Tbilisi Mayor Election,Precinct,Indicators,Average votes per minute (12:00-17:00),ხმების რაოდენობა ერთ წუთში (12:00-17:00),,0,0,,0-1,0-1,,1-2,1-2,,2-3,2-3,,>3,>3,
2010 Tbilisi Mayor Election,Precinct,Indicators,Average votes per minute (17:00-20:00),ხმების რაოდენობა ერთ წუთში (17:00-20:00),,0,0,,0-1,0-1,,1-2,1-2,,2-3,2-3,,>3,>3,
2010 Tbilisi Mayor Election,Precinct,Indicators,Total Turnout (%),სულ (%),%,0-5,0-5,,5-10,5-10,,10-15,10-15,,15-20,15-20,,20-30,20-30,,30-40,30-40,,40-50,40-50,,50-60,50-60,,60-70,60-70,,70-80,70-80,,80-90,80-90,,90-100,90-100,,>100,>100,
2010 Tbilisi Mayor Election,Precinct,Indicators,Total Turnout (#),სულ (#),,0,0,,0-500,0-500,,500-1000,500-1000,,1000-1500,1000-1500,,1500-2000,1500-2000,,2000-2500,2000-2500,,>2500,>2500,
2010 Tbilisi Mayor Election,Precinct,Political Results,Davit Iakobidze,დავით იაკობიძე,%,0-5,0-5,,5-10,5-10,,10-15,10-15,,15-20,15-20,,20-30,20-30,,30-40,30-40,,40-50,40-50,,50-60,50-60,,60-70,60-70,,70-80,70-80,,80-90,80-90,,90-100,90-100,,>100,>100,
2010 Tbilisi Mayor Election,Precinct,Political Results,Gigi Ugulava,გიგი უგულავა,%,0-5,0-5,,5-10,5-10,,10-15,10-15,,15-20,15-20,,20-30,20-30,,30-40,30-40,,40-50,40-50,,50-60,50-60,,60-70,60-70,,70-80,70-80,,80-90,80-90,,90-100,90-100,,>100,>100,
2010 Tbilisi Mayor Election,Precinct,Political Results,Giorgi Chanturia,გია ჭანტურია,%,0-5,0-5,,5-10,5-10,,10-15,10-15,,15-20,15-20,,20-30,20-30,,30-40,30-40,,40-50,40-50,,50-60,50-60,,60-70,60-70,,70-80,70-80,,80-90,80-90,,90-100,90-100,,>100,>100,
2010 Tbilisi Mayor Election,Precinct,Political Results,Giorgi Laghidze,გიორგი ლაღიძე,%,0-5,0-5,,5-10,5-10,,10-15,10-15,,15-20,15-20,,20-30,20-30,,30-40,30-40,,40-50,40-50,,50-60,50-60,,60-70,60-70,,70-80,70-80,,80-90,80-90,,90-100,90-100,,>100,>100,
2010 Tbilisi Mayor Election,Precinct,Political Results,Giorgi Topadze,გოგი თოფაძე,%,0-5,0-5,,5-10,5-10,,10-15,10-15,,15-20,15-20,,20-30,20-30,,30-40,30-40,,40-50,40-50,,50-60,50-60,,60-70,60-70,,70-80,70-80,,80-90,80-90,,90-100,90-100,,>100,>100,
2010 Tbilisi Mayor Election,Precinct,Political Results,Irakli Alasania,ირაკლი ალასანია,%,0-5,0-5,,5-10,5-10,,10-15,10-15,,15-20,15-20,,20-30,20-30,,30-40,30-40,,40-50,40-50,,50-60,50-60,,60-70,60-70,,70-80,70-80,,80-90,80-90,,90-100,90-100,,>100,>100,
2010 Tbilisi Mayor Election,Precinct,Political Results,Nikoloz Ivanishvili,ნიკოლოზ ივანიშვილი,%,0-5,0-5,,5-10,5-10,,10-15,10-15,,15-20,15-20,,20-30,20-30,,30-40,30-40,,40-50,40-50,,50-60,50-60,,60-70,60-70,,70-80,70-80,,80-90,80-90,,90-100,90-100,,>100,>100,
2010 Tbilisi Mayor Election,Precinct,Political Results,Tamaz Vashadze,თამაზ ვაშაძე,%,0-5,0-5,,5-10,5-10,,10-15,10-15,,15-20,15-20,,20-30,20-30,,30-40,30-40,,40-50,40-50,,50-60,50-60,,60-70,60-70,,70-80,70-80,,80-90,80-90,,90-100,90-100,,>100,>100,
2010 Tbilisi Mayor Election,Precinct,Political Results,Zviad Dzidziguri,ზვიად ძიძიგური,%,0-5,0-5,,5-10,5-10,,10-15,10-15,,15-20,15-20,,20-30,20-30,,30-40,30-40,,40-50,40-50,,50-60,50-60,,60-70,60-70,,70-80,70-80,,80-90,80-90,,90-100,90-100,,>100,>100,
2010 Tbilisi Mayor Election,Tbilisi District,Indicators,Number of Precincts with votes per minute > 3 (08:00-12:00),ხმების რაოდენობა ერთ წუთში (08:00-12:00),
2010 Tbilisi Mayor Election,Tbilisi District,Indicators,Number of Precincts with votes per minute > 3 (12:00-17:00),ხმების რაოდენობა ერთ წუთში (12:00-17:00),
2010 Tbilisi Mayor Election,Tbilisi District,Indicators,Number of Precincts with votes per minute > 3 (17:00-20:00),ხმების რაოდენობა ერთ წუთში (17:00-20:00),
2010 Tbilisi Mayor Election,Tbilisi District,Indicators,Total Turnout (%),სულ (%),%,%,0-5,0-5
2010 Tbilisi Mayor Election,Tbilisi District,Indicators,Total Turnout (#),სულ (#),
2010 Tbilisi Mayor Election,Tbilisi District,Political Results,Davit Iakobidze,დავით იაკობიძე,%,%,0-5,0-5
2010 Tbilisi Mayor Election,Tbilisi District,Political Results,Gigi Ugulava,გიგი უგულავა,%,%,0-5,0-5
2010 Tbilisi Mayor Election,Tbilisi District,Political Results,Giorgi Chanturia,გია ჭანტურია,%,%,0-5,0-5
2010 Tbilisi Mayor Election,Tbilisi District,Political Results,Giorgi Laghidze,გიორგი ლაღიძე,%,%,0-5,0-5
2010 Tbilisi Mayor Election,Tbilisi District,Political Results,Giorgi Topadze,გოგი თოფაძე,%,%,0-5,0-5
2010 Tbilisi Mayor Election,Tbilisi District,Political Results,Irakli Alasania,ირაკლი ალასანია,%,%,0-5,0-5
2010 Tbilisi Mayor Election,Tbilisi District,Political Results,Nikoloz Ivanishvili,ნიკოლოზ ივანიშვილი,%,%,0-5,0-5
2010 Tbilisi Mayor Election,Tbilisi District,Political Results,Tamaz Vashadze,თამაზ ვაშაძე,%,%,0-5,0-5
2010 Tbilisi Mayor Election,Tbilisi District,Political Results,Zviad Dzidziguri,ზვიად ძიძიგური,%,%,0-5,0-5
2010 Tbilisi Mayor Election,Tbilisi Precinct,Indicators,Average votes per minute (08:00-12:00),ხმების რაოდენობა ერთ წუთში (08:00-12:00),
2010 Tbilisi Mayor Election,Tbilisi Precinct,Indicators,Average votes per minute (12:00-17:00),ხმების რაოდენობა ერთ წუთში (12:00-17:00),
2010 Tbilisi Mayor Election,Tbilisi Precinct,Indicators,Average votes per minute (17:00-20:00),ხმების რაოდენობა ერთ წუთში (17:00-20:00),
2010 Tbilisi Mayor Election,Tbilisi Precinct,Indicators,Total Turnout (%),სულ (%),%,%,0-5,0-5
2010 Tbilisi Mayor Election,Tbilisi Precinct,Indicators,Total Turnout (#),სულ (#),
2010 Tbilisi Mayor Election,Tbilisi Precinct,Political Results,Davit Iakobidze,დავით იაკობიძე,%,%,0-5,0-5
2010 Tbilisi Mayor Election,Tbilisi Precinct,Political Results,Gigi Ugulava,გიგი უგულავა,%,%,0-5,0-5
2010 Tbilisi Mayor Election,Tbilisi Precinct,Political Results,Giorgi Chanturia,გია ჭანტურია,%,%,0-5,0-5
2010 Tbilisi Mayor Election,Tbilisi Precinct,Political Results,Giorgi Laghidze,გიორგი ლაღიძე,%,%,0-5,0-5
2010 Tbilisi Mayor Election,Tbilisi Precinct,Political Results,Giorgi Topadze,გოგი თოფაძე,%,%,0-5,0-5
2010 Tbilisi Mayor Election,Tbilisi Precinct,Political Results,Irakli Alasania,ირაკლი ალასანია,%,%,0-5,0-5
2010 Tbilisi Mayor Election,Tbilisi Precinct,Political Results,Nikoloz Ivanishvili,ნიკოლოზ ივანიშვილი,%,%,0-5,0-5
2010 Tbilisi Mayor Election,Tbilisi Precinct,Political Results,Tamaz Vashadze,თამაზ ვაშაძე,%,%,0-5,0-5
2010 Tbilisi Mayor Election,Tbilisi Precinct,Political Results,Zviad Dzidziguri,ზვიად ძიძიგური,%,%,0-5,0-5
