Event, Shape Type, Indicator Type, en: Indicator Name, ka: Indicator Name,en: Scale Name, ka: Scale Name, Scale Color,en: Scale Name, ka: Scale Name, Scale Color,en: Scale Name, ka: Scale Name, Scale Color,en: Scale Name, ka: Scale Name, Scale Color,en: Scale Name, ka: Scale Name, Scale Color,en: Scale Name, ka: Scale Name, Scale Color,en: Scale Name, ka: Scale Name, Scale Color,en: Scale Name, ka: Scale Name, Scale Color,en: Scale Name, ka: Scale Name, Scale Color,en: Scale Name, ka: Scale Name, Scale Color,en: Scale Name, ka: Scale Name, Scale Color,en: Scale Name, ka: Scale Name, Scale Color,en: Scale Name, ka: Scale Name, Scale Color
2010 Parliamentary Bi-election - Majoritarian,Country,Indicators,Total Turnout (%),სულ (%),%,0-5,0-5,,5-10,5-10,,10-15,10-15,,15-20,15-20,,20-30,20-30,,30-40,30-40,,40-50,40-50,,50-60,50-60,,60-70,60-70,,70-80,70-80,,80-90,80-90,,90-100,90-100,,>100,>100,
2010 Parliamentary Bi-election - Majoritarian,Country,Indicators,Total Turnout (#),სულ (#),,0,0,,0-400000,0-400000,,400000-800000,400000-800000,,800000-1200000,800000-1200000,,1200000-1600000,1200000-1600000,,1600000-2000000,1600000-2000000,,>2000000,>2000000,
2010 Parliamentary Bi-election - Majoritarian,Country,Political Results,CDM,ქდმ (%),%,0-5,0-5,,5-10,5-10,,10-15,10-15,,15-20,15-20,,20-30,20-30,,30-40,30-40,,40-50,40-50,,50-60,50-60,,60-70,60-70,,70-80,70-80,,80-90,80-90,,90-100,90-100,,>100,>100,
2010 Parliamentary Bi-election - Majoritarian,Country,Political Results,Nikoloz Ivanishvili Public Democrats,ნიკოლოზ ივანიშვილი სახალხო დემოკრატები,%,0-5,0-5,,5-10,5-10,,10-15,10-15,,15-20,15-20,,20-30,20-30,,30-40,30-40,,40-50,40-50,,50-60,50-60,,60-70,60-70,,70-80,70-80,,80-90,80-90,,90-100,90-100,,>100,>100,
2010 Parliamentary Bi-election - Majoritarian,Country,Political Results,Movement for Fair Georgia,მოძრაობა სამართლიანი საქართველოსთვის,%,0-5,0-5,,5-10,5-10,,10-15,10-15,,15-20,15-20,,20-30,20-30,,30-40,30-40,,40-50,40-50,,50-60,50-60,,60-70,60-70,,70-80,70-80,,80-90,80-90,,90-100,90-100,,>100,>100,
2010 Parliamentary Bi-election - Majoritarian,Country,Political Results,Party of Future,მომავლის პარტია,%,0-5,0-5,,5-10,5-10,,10-15,10-15,,15-20,15-20,,20-30,20-30,,30-40,30-40,,40-50,40-50,,50-60,50-60,,60-70,60-70,,70-80,70-80,,80-90,80-90,,90-100,90-100,,>100,>100,
2010 Parliamentary Bi-election - Majoritarian,Country,Political Results,Tortladze Democratic Party,თორთლაძე დემოკრატიული პარტია,%,0-5,0-5,,5-10,5-10,,10-15,10-15,,15-20,15-20,,20-30,20-30,,30-40,30-40,,40-50,40-50,,50-60,50-60,,60-70,60-70,,70-80,70-80,,80-90,80-90,,90-100,90-100,,>100,>100,
2010 Parliamentary Bi-election - Majoritarian,Country,Political Results,United National Movement,ნაც. მოძრაობა,%,0-5,0-5,,5-10,5-10,,10-15,10-15,,15-20,15-20,,20-30,20-30,,30-40,30-40,,40-50,40-50,,50-60,50-60,,60-70,60-70,,70-80,70-80,,80-90,80-90,,90-100,90-100,,>100,>100,
2010 Parliamentary Bi-election - Majoritarian,Region,Indicators,Total Turnout (%),სულ (%),%,0-5,0-5,,5-10,5-10,,10-15,10-15,,15-20,15-20,,20-30,20-30,,30-40,30-40,,40-50,40-50,,50-60,50-60,,60-70,60-70,,70-80,70-80,,80-90,80-90,,90-100,90-100,,>100,>100,
2010 Parliamentary Bi-election - Majoritarian,Region,Indicators,Total Turnout (#),სულ (#),,0,0,,0-50000,0-50000,,50000-100000,50000-100000,,100000-150000,100000-150000,,150000-200000,150000-200000,,200000-300000,200000-300000,,300000-400000,300000-400000,,400000-500000,400000-500000,,>500000,>500000,
2010 Parliamentary Bi-election - Majoritarian,Region,Political Results,CDM,ქდმ (%),%,0-5,0-5,,5-10,5-10,,10-15,10-15,,15-20,15-20,,20-30,20-30,,30-40,30-40,,40-50,40-50,,50-60,50-60,,60-70,60-70,,70-80,70-80,,80-90,80-90,,90-100,90-100,,>100,>100,
2010 Parliamentary Bi-election - Majoritarian,Region,Political Results,Nikoloz Ivanishvili Public Democrats,ნიკოლოზ ივანიშვილი სახალხო დემოკრატები,%,0-5,0-5,,5-10,5-10,,10-15,10-15,,15-20,15-20,,20-30,20-30,,30-40,30-40,,40-50,40-50,,50-60,50-60,,60-70,60-70,,70-80,70-80,,80-90,80-90,,90-100,90-100,,>100,>100,
2010 Parliamentary Bi-election - Majoritarian,Region,Political Results,Movement for Fair Georgia,მოძრაობა სამართლიანი საქართველოსთვის,%,0-5,0-5,,5-10,5-10,,10-15,10-15,,15-20,15-20,,20-30,20-30,,30-40,30-40,,40-50,40-50,,50-60,50-60,,60-70,60-70,,70-80,70-80,,80-90,80-90,,90-100,90-100,,>100,>100,
2010 Parliamentary Bi-election - Majoritarian,Region,Political Results,Party of Future,მომავლის პარტია,%,0-5,0-5,,5-10,5-10,,10-15,10-15,,15-20,15-20,,20-30,20-30,,30-40,30-40,,40-50,40-50,,50-60,50-60,,60-70,60-70,,70-80,70-80,,80-90,80-90,,90-100,90-100,,>100,>100,
2010 Parliamentary Bi-election - Majoritarian,Region,Political Results,Tortladze Democratic Party,თორთლაძე დემოკრატიული პარტია,%,0-5,0-5,,5-10,5-10,,10-15,10-15,,15-20,15-20,,20-30,20-30,,30-40,30-40,,40-50,40-50,,50-60,50-60,,60-70,60-70,,70-80,70-80,,80-90,80-90,,90-100,90-100,,>100,>100,
2010 Parliamentary Bi-election - Majoritarian,Region,Political Results,United National Movement,ნაც. მოძრაობა,%,0-5,0-5,,5-10,5-10,,10-15,10-15,,15-20,15-20,,20-30,20-30,,30-40,30-40,,40-50,40-50,,50-60,50-60,,60-70,60-70,,70-80,70-80,,80-90,80-90,,90-100,90-100,,>100,>100,
2010 Parliamentary Bi-election - Majoritarian,District,Indicators,Total Turnout (%),სულ (%),%,0-5,0-5,,5-10,5-10,,10-15,10-15,,15-20,15-20,,20-30,20-30,,30-40,30-40,,40-50,40-50,,50-60,50-60,,60-70,60-70,,70-80,70-80,,80-90,80-90,,90-100,90-100,,>100,>100,
2010 Parliamentary Bi-election - Majoritarian,District,Indicators,Total Turnout (#),სულ (#),,0,0,,0-5000,0-5000,,5000-10000,5000-10000,,10000-15000,10000-15000,,15000-20000,15000-20000,,20000-25000,20000-25000,,>25000,>25000,
2010 Parliamentary Bi-election - Majoritarian,District,Political Results,CDM,ქდმ (%),%,0-5,0-5,,5-10,5-10,,10-15,10-15,,15-20,15-20,,20-30,20-30,,30-40,30-40,,40-50,40-50,,50-60,50-60,,60-70,60-70,,70-80,70-80,,80-90,80-90,,90-100,90-100,,>100,>100,
2010 Parliamentary Bi-election - Majoritarian,District,Political Results,Nikoloz Ivanishvili Public Democrats,ნიკოლოზ ივანიშვილი სახალხო დემოკრატები,%,0-5,0-5,,5-10,5-10,,10-15,10-15,,15-20,15-20,,20-30,20-30,,30-40,30-40,,40-50,40-50,,50-60,50-60,,60-70,60-70,,70-80,70-80,,80-90,80-90,,90-100,90-100,,>100,>100,
2010 Parliamentary Bi-election - Majoritarian,District,Political Results,Movement for Fair Georgia,მოძრაობა სამართლიანი საქართველოსთვის,%,0-5,0-5,,5-10,5-10,,10-15,10-15,,15-20,15-20,,20-30,20-30,,30-40,30-40,,40-50,40-50,,50-60,50-60,,60-70,60-70,,70-80,70-80,,80-90,80-90,,90-100,90-100,,>100,>100,
2010 Parliamentary Bi-election - Majoritarian,District,Political Results,Party of Future,მომავლის პარტია,%,0-5,0-5,,5-10,5-10,,10-15,10-15,,15-20,15-20,,20-30,20-30,,30-40,30-40,,40-50,40-50,,50-60,50-60,,60-70,60-70,,70-80,70-80,,80-90,80-90,,90-100,90-100,,>100,>100,
2010 Parliamentary Bi-election - Majoritarian,District,Political Results,Tortladze Democratic Party,თორთლაძე დემოკრატიული პარტია,%,0-5,0-5,,5-10,5-10,,10-15,10-15,,15-20,15-20,,20-30,20-30,,30-40,30-40,,40-50,40-50,,50-60,50-60,,60-70,60-70,,70-80,70-80,,80-90,80-90,,90-100,90-100,,>100,>100,
2010 Parliamentary Bi-election - Majoritarian,District,Political Results,United National Movement,ნაც. მოძრაობა,%,0-5,0-5,,5-10,5-10,,10-15,10-15,,15-20,15-20,,20-30,20-30,,30-40,30-40,,40-50,40-50,,50-60,50-60,,60-70,60-70,,70-80,70-80,,80-90,80-90,,90-100,90-100,,>100,>100,
2010 Parliamentary Bi-election - Majoritarian,Precinct,Indicators,Total Turnout (%),სულ (%),%,0-5,0-5,,5-10,5-10,,10-15,10-15,,15-20,15-20,,20-30,20-30,,30-40,30-40,,40-50,40-50,,50-60,50-60,,60-70,60-70,,70-80,70-80,,80-90,80-90,,90-100,90-100,,>100,>100,
2010 Parliamentary Bi-election - Majoritarian,Precinct,Indicators,Total Turnout (#),სულ (#),,0,0,,0-500,0-500,,500-1000,500-1000,,1000-1500,1000-1500,,1500-2000,1500-2000,,2000-2500,2000-2500,,>2500,>2500,
2010 Parliamentary Bi-election - Majoritarian,Precinct,Political Results,CDM,ქდმ (%),%,0-5,0-5,,5-10,5-10,,10-15,10-15,,15-20,15-20,,20-30,20-30,,30-40,30-40,,40-50,40-50,,50-60,50-60,,60-70,60-70,,70-80,70-80,,80-90,80-90,,90-100,90-100,,>100,>100,
2010 Parliamentary Bi-election - Majoritarian,Precinct,Political Results,Nikoloz Ivanishvili Public Democrats,ნიკოლოზ ივანიშვილი სახალხო დემოკრატები,%,0-5,0-5,,5-10,5-10,,10-15,10-15,,15-20,15-20,,20-30,20-30,,30-40,30-40,,40-50,40-50,,50-60,50-60,,60-70,60-70,,70-80,70-80,,80-90,80-90,,90-100,90-100,,>100,>100,
2010 Parliamentary Bi-election - Majoritarian,Precinct,Political Results,Movement for Fair Georgia,მოძრაობა სამართლიანი საქართველოსთვის,%,0-5,0-5,,5-10,5-10,,10-15,10-15,,15-20,15-20,,20-30,20-30,,30-40,30-40,,40-50,40-50,,50-60,50-60,,60-70,60-70,,70-80,70-80,,80-90,80-90,,90-100,90-100,,>100,>100,
2010 Parliamentary Bi-election - Majoritarian,Precinct,Political Results,Party of Future,მომავლის პარტია,%,0-5,0-5,,5-10,5-10,,10-15,10-15,,15-20,15-20,,20-30,20-30,,30-40,30-40,,40-50,40-50,,50-60,50-60,,60-70,60-70,,70-80,70-80,,80-90,80-90,,90-100,90-100,,>100,>100,
2010 Parliamentary Bi-election - Majoritarian,Precinct,Political Results,Tortladze Democratic Party,თორთლაძე დემოკრატიული პარტია,%,0-5,0-5,,5-10,5-10,,10-15,10-15,,15-20,15-20,,20-30,20-30,,30-40,30-40,,40-50,40-50,,50-60,50-60,,60-70,60-70,,70-80,70-80,,80-90,80-90,,90-100,90-100,,>100,>100,
2010 Parliamentary Bi-election - Majoritarian,Precinct,Political Results,United National Movement,ნაც. მოძრაობა,%,0-5,0-5,,5-10,5-10,,10-15,10-15,,15-20,15-20,,20-30,20-30,,30-40,30-40,,40-50,40-50,,50-60,50-60,,60-70,60-70,,70-80,70-80,,80-90,80-90,,90-100,90-100,,>100,>100,
2010 Parliamentary Bi-election - Majoritarian,Tbilisi District,Indicators,Total Turnout (%),სულ (%),%,%,0-5,0-5
2010 Parliamentary Bi-election - Majoritarian,Tbilisi District,Indicators,Total Turnout (#),სულ (#),
2010 Parliamentary Bi-election - Majoritarian,Tbilisi District,Political Results,CDM,ქდმ (%),%,%,0-5,0-5
2010 Parliamentary Bi-election - Majoritarian,Tbilisi District,Political Results,Nikoloz Ivanishvili Public Democrats,ნიკოლოზ ივანიშვილი სახალხო დემოკრატები,%,%,0-5,0-5
2010 Parliamentary Bi-election - Majoritarian,Tbilisi District,Political Results,Movement for Fair Georgia,მოძრაობა სამართლიანი საქართველოსთვის,%,%,0-5,0-5
2010 Parliamentary Bi-election - Majoritarian,Tbilisi District,Political Results,Party of Future,მომავლის პარტია,%,%,0-5,0-5
2010 Parliamentary Bi-election - Majoritarian,Tbilisi District,Political Results,Tortladze Democratic Party,თორთლაძე დემოკრატიული პარტია,%,%,0-5,0-5
2010 Parliamentary Bi-election - Majoritarian,Tbilisi District,Political Results,United National Movement,ნაც. მოძრაობა,%,%,0-5,0-5
2010 Parliamentary Bi-election - Majoritarian,Tbilisi Precinct,Indicators,Total Turnout (%),სულ (%),%,%,0-5,0-5
2010 Parliamentary Bi-election - Majoritarian,Tbilisi Precinct,Indicators,Total Turnout (#),სულ (#),
2010 Parliamentary Bi-election - Majoritarian,Tbilisi Precinct,Political Results,CDM,ქდმ (%),%,%,0-5,0-5
2010 Parliamentary Bi-election - Majoritarian,Tbilisi Precinct,Political Results,Nikoloz Ivanishvili Public Democrats,ნიკოლოზ ივანიშვილი სახალხო დემოკრატები,%,%,0-5,0-5
2010 Parliamentary Bi-election - Majoritarian,Tbilisi Precinct,Political Results,Movement for Fair Georgia,მოძრაობა სამართლიანი საქართველოსთვის,%,%,0-5,0-5
2010 Parliamentary Bi-election - Majoritarian,Tbilisi Precinct,Political Results,Party of Future,მომავლის პარტია,%,%,0-5,0-5
2010 Parliamentary Bi-election - Majoritarian,Tbilisi Precinct,Political Results,Tortladze Democratic Party,თორთლაძე დემოკრატიული პარტია,%,%,0-5,0-5
2010 Parliamentary Bi-election - Majoritarian,Tbilisi Precinct,Political Results,United National Movement,ნაც. მოძრაობა,%,%,0-5,0-5
