Event, Shape Type,id,name, en: Indicator Name,,,,,,,,,,,,,,,,,,,
2008 Parliamentary Bi-election - Majoritarian,District,999,Tbilisi,Number of Precincts with votes per minute > 3 (08:00-12:00),1,Number of Precincts with votes per minute > 3 (12:00-17:00),0,Number of Precincts with votes per minute > 3 (17:00-20:00),1,Total Turnout (%),8.4982,Total Turnout (#),14289,CDM,20.5753,Georgian Group,20.9252,National Democratic Party of Georgia,36.8955,National Party of Radical Democrats of Georgia,5.0668,We Ourselves,16.5372
2008 Parliamentary Bi-election - Majoritarian,Tbilisi District,8,Didube,Number of Precincts with votes per minute > 3 (08:00-12:00),1,Number of Precincts with votes per minute > 3 (12:00-17:00),0,Number of Precincts with votes per minute > 3 (17:00-20:00),1,Total Turnout (%),10.4995,Total Turnout (#),7409,CDM,NULL,Georgian Group,19.0714,National Democratic Party of Georgia,71.1567,National Party of Radical Democrats of Georgia,9.7719,We Ourselves,NULL
2008 Parliamentary Bi-election - Majoritarian,Tbilisi District,2,Vake,Number of Precincts with votes per minute > 3 (08:00-12:00),0,Number of Precincts with votes per minute > 3 (12:00-17:00),0,Number of Precincts with votes per minute > 3 (17:00-20:00),0,Total Turnout (%),7.0508,Total Turnout (#),6880,CDM,42.7326,Georgian Group,22.9215,National Democratic Party of Georgia,NULL,National Party of Radical Democrats of Georgia,NULL,We Ourselves,34.3459
2008 Parliamentary Bi-election - Majoritarian,Tbilisi Precinct,1,2-1,Average votes per minute (08:00-12:00),0.1375,Average votes per minute (12:00-17:00),0.2056,Average votes per minute (17:00-20:00),0.11,Total Turnout (%),6.275,Total Turnout (#),94,CDM,39.3617,Georgian Group,43.617,National Democratic Party of Georgia,NULL,National Party of Radical Democrats of Georgia,NULL,We Ourselves,17.0213
2008 Parliamentary Bi-election - Majoritarian,Tbilisi Precinct,2,2-2,Average votes per minute (08:00-12:00),0.0875,Average votes per minute (12:00-17:00),0.3,Average votes per minute (17:00-20:00),0.0533,Total Turnout (%),6.2731,Total Turnout (#),85,CDM,35.2941,Georgian Group,23.5294,National Democratic Party of Georgia,NULL,National Party of Radical Democrats of Georgia,NULL,We Ourselves,41.1765
2008 Parliamentary Bi-election - Majoritarian,Tbilisi Precinct,3,2-3,Average votes per minute (08:00-12:00),0.125,Average votes per minute (12:00-17:00),0.2056,Average votes per minute (17:00-20:00),0.0867,Total Turnout (%),5.8,Total Turnout (#),87,CDM,35.6322,Georgian Group,43.6782,National Democratic Party of Georgia,NULL,National Party of Radical Democrats of Georgia,NULL,We Ourselves,20.6897
2008 Parliamentary Bi-election - Majoritarian,Tbilisi Precinct,4,2-4,Average votes per minute (08:00-12:00),0.1458,Average votes per minute (12:00-17:00),0.3611,Average votes per minute (17:00-20:00),0.1033,Total Turnout (%),8.1306,Total Turnout (#),117,CDM,37.6068,Georgian Group,28.2051,National Democratic Party of Georgia,NULL,National Party of Radical Democrats of Georgia,NULL,We Ourselves,34.188
2008 Parliamentary Bi-election - Majoritarian,Tbilisi Precinct,5,2-5,Average votes per minute (08:00-12:00),0.15,Average votes per minute (12:00-17:00),0.2778,Average votes per minute (17:00-20:00),0.0633,Total Turnout (%),7.5534,Total Turnout (#),92,CDM,31.5217,Georgian Group,28.2609,National Democratic Party of Georgia,NULL,National Party of Radical Democrats of Georgia,NULL,We Ourselves,40.2174
2008 Parliamentary Bi-election - Majoritarian,Tbilisi Precinct,6,2-6,Average votes per minute (08:00-12:00),0.15,Average votes per minute (12:00-17:00),0.2222,Average votes per minute (17:00-20:00),0.0567,Total Turnout (%),5.5339,Total Turnout (#),85,CDM,25.8824,Georgian Group,27.0588,National Democratic Party of Georgia,NULL,National Party of Radical Democrats of Georgia,NULL,We Ourselves,47.0588
2008 Parliamentary Bi-election - Majoritarian,Tbilisi Precinct,7,2-7,Average votes per minute (08:00-12:00),0.1708,Average votes per minute (12:00-17:00),0.2833,Average votes per minute (17:00-20:00),0.0667,Total Turnout (%),8.2095,Total Turnout (#),105,CDM,35.2381,Georgian Group,28.5714,National Democratic Party of Georgia,NULL,National Party of Radical Democrats of Georgia,NULL,We Ourselves,36.1905
2008 Parliamentary Bi-election - Majoritarian,Tbilisi Precinct,8,2-8,Average votes per minute (08:00-12:00),0.1333,Average votes per minute (12:00-17:00),0.1333,Average votes per minute (17:00-20:00),0.0567,Total Turnout (%),4.7718,Total Turnout (#),69,CDM,33.3333,Georgian Group,43.4783,National Democratic Party of Georgia,NULL,National Party of Radical Democrats of Georgia,NULL,We Ourselves,23.1884
2008 Parliamentary Bi-election - Majoritarian,Tbilisi Precinct,9,2-9,Average votes per minute (08:00-12:00),0.2125,Average votes per minute (12:00-17:00),0.1611,Average votes per minute (17:00-20:00),0.0933,Total Turnout (%),7.6212,Total Turnout (#),99,CDM,30.303,Georgian Group,48.4848,National Democratic Party of Georgia,NULL,National Party of Radical Democrats of Georgia,NULL,We Ourselves,21.2121
2008 Parliamentary Bi-election - Majoritarian,Tbilisi Precinct,10,2-10,Average votes per minute (08:00-12:00),0.1875,Average votes per minute (12:00-17:00),0.4278,Average votes per minute (17:00-20:00),0.0667,Total Turnout (%),8.254,Total Turnout (#),130,CDM,26.1538,Georgian Group,39.2308,National Democratic Party of Georgia,NULL,National Party of Radical Democrats of Georgia,NULL,We Ourselves,34.6154
2008 Parliamentary Bi-election - Majoritarian,Tbilisi Precinct,11,2-11,Average votes per minute (08:00-12:00),0.1708,Average votes per minute (12:00-17:00),0.2278,Average votes per minute (17:00-20:00),0.0767,Total Turnout (%),6.0141,Total Turnout (#),94,CDM,42.5532,Georgian Group,40.4255,National Democratic Party of Georgia,NULL,National Party of Radical Democrats of Georgia,NULL,We Ourselves,17.0213
2008 Parliamentary Bi-election - Majoritarian,Tbilisi Precinct,12,2-12,Average votes per minute (08:00-12:00),0.2208,Average votes per minute (12:00-17:00),0.2667,Average votes per minute (17:00-20:00),0.06,Total Turnout (%),7.6446,Total Turnout (#),111,CDM,40.5405,Georgian Group,24.3243,National Democratic Party of Georgia,NULL,National Party of Radical Democrats of Georgia,NULL,We Ourselves,35.1351
2008 Parliamentary Bi-election - Majoritarian,Tbilisi Precinct,13,2-13,Average votes per minute (08:00-12:00),0.2167,Average votes per minute (12:00-17:00),0.4167,Average votes per minute (17:00-20:00),0.0733,Total Turnout (%),9.1142,Total Turnout (#),142,CDM,40.8451,Georgian Group,24.6479,National Democratic Party of Georgia,NULL,National Party of Radical Democrats of Georgia,NULL,We Ourselves,34.507
2008 Parliamentary Bi-election - Majoritarian,Tbilisi Precinct,14,2-14,Average votes per minute (08:00-12:00),0.0917,Average votes per minute (12:00-17:00),0.1556,Average votes per minute (17:00-20:00),0.0467,Total Turnout (%),4.5421,Total Turnout (#),61,CDM,52.459,Georgian Group,19.6721,National Democratic Party of Georgia,NULL,National Party of Radical Democrats of Georgia,NULL,We Ourselves,27.8689
2008 Parliamentary Bi-election - Majoritarian,Tbilisi Precinct,15,2-15,Average votes per minute (08:00-12:00),0.2125,Average votes per minute (12:00-17:00),0.2389,Average votes per minute (17:00-20:00),0.0767,Total Turnout (%),7.7849,Total Turnout (#),110,CDM,48.1818,Georgian Group,36.3636,National Democratic Party of Georgia,NULL,National Party of Radical Democrats of Georgia,NULL,We Ourselves,15.4545
2008 Parliamentary Bi-election - Majoritarian,Tbilisi Precinct,16,2-16,Average votes per minute (08:00-12:00),0.2,Average votes per minute (12:00-17:00),0.2333,Average votes per minute (17:00-20:00),0.0433,Total Turnout (%),6.7845,Total Turnout (#),96,CDM,30.2083,Georgian Group,12.5,National Democratic Party of Georgia,NULL,National Party of Radical Democrats of Georgia,NULL,We Ourselves,57.2917
2008 Parliamentary Bi-election - Majoritarian,Tbilisi Precinct,17,2-17,Average votes per minute (08:00-12:00),0.3042,Average votes per minute (12:00-17:00),0.4667,Average votes per minute (17:00-20:00),0.18,Total Turnout (%),14.5428,Total Turnout (#),202,CDM,26.7327,Georgian Group,14.8515,National Democratic Party of Georgia,NULL,National Party of Radical Democrats of Georgia,NULL,We Ourselves,58.4158
2008 Parliamentary Bi-election - Majoritarian,Tbilisi Precinct,18,2-18,Average votes per minute (08:00-12:00),0.2083,Average votes per minute (12:00-17:00),0.2333,Average votes per minute (17:00-20:00),0.12,Total Turnout (%),11.3469,Total Turnout (#),123,CDM,18.6992,Georgian Group,62.6016,National Democratic Party of Georgia,NULL,National Party of Radical Democrats of Georgia,NULL,We Ourselves,18.6992
2008 Parliamentary Bi-election - Majoritarian,Tbilisi Precinct,19,2-19,Average votes per minute (08:00-12:00),0.1958,Average votes per minute (12:00-17:00),0.2944,Average votes per minute (17:00-20:00),0.0833,Total Turnout (%),8.7872,Total Turnout (#),121,CDM,32.2314,Georgian Group,30.5785,National Democratic Party of Georgia,NULL,National Party of Radical Democrats of Georgia,NULL,We Ourselves,37.1901
2008 Parliamentary Bi-election - Majoritarian,Tbilisi Precinct,20,2-20,Average votes per minute (08:00-12:00),0.1792,Average votes per minute (12:00-17:00),0.15,Average votes per minute (17:00-20:00),0.06,Total Turnout (%),29.3515,Total Turnout (#),86,CDM,34.8837,Georgian Group,5.814,National Democratic Party of Georgia,NULL,National Party of Radical Democrats of Georgia,NULL,We Ourselves,59.3023
2008 Parliamentary Bi-election - Majoritarian,Tbilisi Precinct,21,2-21,Average votes per minute (08:00-12:00),0.0167,Average votes per minute (12:00-17:00),0.0222,Average votes per minute (17:00-20:00),0.0067,Total Turnout (%),0.6787,Total Turnout (#),9,CDM,33.3333,Georgian Group,11.1111,National Democratic Party of Georgia,NULL,National Party of Radical Democrats of Georgia,NULL,We Ourselves,55.5556
2008 Parliamentary Bi-election - Majoritarian,Tbilisi Precinct,22,2-22,Average votes per minute (08:00-12:00),0.0708,Average votes per minute (12:00-17:00),0.1278,Average votes per minute (17:00-20:00),0.0733,Total Turnout (%),3.5623,Total Turnout (#),56,CDM,58.9286,Georgian Group,14.2857,National Democratic Party of Georgia,NULL,National Party of Radical Democrats of Georgia,NULL,We Ourselves,26.7857
2008 Parliamentary Bi-election - Majoritarian,Tbilisi Precinct,23,2-23,Average votes per minute (08:00-12:00),0.1583,Average votes per minute (12:00-17:00),0.2,Average votes per minute (17:00-20:00),0.0533,Total Turnout (%),6.3411,Total Turnout (#),87,CDM,41.3793,Georgian Group,27.5862,National Democratic Party of Georgia,NULL,National Party of Radical Democrats of Georgia,NULL,We Ourselves,31.0345
2008 Parliamentary Bi-election - Majoritarian,Tbilisi Precinct,24,2-24,Average votes per minute (08:00-12:00),0.2708,Average votes per minute (12:00-17:00),0.2389,Average votes per minute (17:00-20:00),0.1167,Total Turnout (%),8.5317,Total Turnout (#),129,CDM,33.3333,Georgian Group,13.1783,National Democratic Party of Georgia,NULL,National Party of Radical Democrats of Georgia,NULL,We Ourselves,53.4884
2008 Parliamentary Bi-election - Majoritarian,Tbilisi Precinct,25,2-25,Average votes per minute (08:00-12:00),0.1917,Average votes per minute (12:00-17:00),0.25,Average votes per minute (17:00-20:00),0.0867,Total Turnout (%),7.4686,Total Turnout (#),113,CDM,29.2035,Georgian Group,17.6991,National Democratic Party of Georgia,NULL,National Party of Radical Democrats of Georgia,NULL,We Ourselves,53.0973
2008 Parliamentary Bi-election - Majoritarian,Tbilisi Precinct,26,2-26,Average votes per minute (08:00-12:00),0.1,Average votes per minute (12:00-17:00),0.2,Average votes per minute (17:00-20:00),0.0367,Total Turnout (%),4.6448,Total Turnout (#),68,CDM,51.4706,Georgian Group,23.5294,National Democratic Party of Georgia,NULL,National Party of Radical Democrats of Georgia,NULL,We Ourselves,25
2008 Parliamentary Bi-election - Majoritarian,Tbilisi Precinct,27,2-27,Average votes per minute (08:00-12:00),0.2375,Average votes per minute (12:00-17:00),0.3222,Average votes per minute (17:00-20:00),0.0633,Total Turnout (%),8.2468,Total Turnout (#),127,CDM,47.2441,Georgian Group,27.5591,National Democratic Party of Georgia,NULL,National Party of Radical Democrats of Georgia,NULL,We Ourselves,25.1969
2008 Parliamentary Bi-election - Majoritarian,Tbilisi Precinct,28,2-28,Average votes per minute (08:00-12:00),0.8333,Average votes per minute (12:00-17:00),0.4444,Average votes per minute (17:00-20:00),0.0633,Total Turnout (%),14.5365,Total Turnout (#),265,CDM,49.8113,Georgian Group,20,National Democratic Party of Georgia,NULL,National Party of Radical Democrats of Georgia,NULL,We Ourselves,30.1887
2008 Parliamentary Bi-election - Majoritarian,Tbilisi Precinct,29,2-29,Average votes per minute (08:00-12:00),0.1333,Average votes per minute (12:00-17:00),0.2333,Average votes per minute (17:00-20:00),0.0667,Total Turnout (%),5.8738,Total Turnout (#),81,CDM,55.5556,Georgian Group,27.1605,National Democratic Party of Georgia,NULL,National Party of Radical Democrats of Georgia,NULL,We Ourselves,17.284
2008 Parliamentary Bi-election - Majoritarian,Tbilisi Precinct,30,2-30,Average votes per minute (08:00-12:00),0.1542,Average votes per minute (12:00-17:00),0.2667,Average votes per minute (17:00-20:00),0.0467,Total Turnout (%),6.5926,Total Turnout (#),95,CDM,53.6842,Georgian Group,20,National Democratic Party of Georgia,NULL,National Party of Radical Democrats of Georgia,NULL,We Ourselves,26.3158
2008 Parliamentary Bi-election - Majoritarian,Tbilisi Precinct,31,2-31,Average votes per minute (08:00-12:00),0.075,Average votes per minute (12:00-17:00),0.1333,Average votes per minute (17:00-20:00),0.07,Total Turnout (%),3.7627,Total Turnout (#),52,CDM,59.6154,Georgian Group,21.1538,National Democratic Party of Georgia,NULL,National Party of Radical Democrats of Georgia,NULL,We Ourselves,19.2308
2008 Parliamentary Bi-election - Majoritarian,Tbilisi Precinct,32,2-32,Average votes per minute (08:00-12:00),0.15,Average votes per minute (12:00-17:00),0.2611,Average votes per minute (17:00-20:00),0.07,Total Turnout (%),6.5596,Total Turnout (#),98,CDM,43.8776,Georgian Group,26.5306,National Democratic Party of Georgia,NULL,National Party of Radical Democrats of Georgia,NULL,We Ourselves,29.5918
2008 Parliamentary Bi-election - Majoritarian,Tbilisi Precinct,33,2-33,Average votes per minute (08:00-12:00),0.1708,Average votes per minute (12:00-17:00),0.2444,Average votes per minute (17:00-20:00),0.04,Total Turnout (%),5.5093,Total Turnout (#),86,CDM,38.3721,Georgian Group,34.8837,National Democratic Party of Georgia,NULL,National Party of Radical Democrats of Georgia,NULL,We Ourselves,26.7442
2008 Parliamentary Bi-election - Majoritarian,Tbilisi Precinct,34,2-34,Average votes per minute (08:00-12:00),0.2,Average votes per minute (12:00-17:00),0.2444,Average votes per minute (17:00-20:00),0.0433,Total Turnout (%),6.1823,Total Turnout (#),97,CDM,42.268,Georgian Group,29.8969,National Democratic Party of Georgia,NULL,National Party of Radical Democrats of Georgia,NULL,We Ourselves,27.8351
2008 Parliamentary Bi-election - Majoritarian,Tbilisi Precinct,35,2-35,Average votes per minute (08:00-12:00),0.1,Average votes per minute (12:00-17:00),0.2444,Average votes per minute (17:00-20:00),0.0333,Total Turnout (%),4.7995,Total Turnout (#),73,CDM,56.1644,Georgian Group,24.6575,National Democratic Party of Georgia,NULL,National Party of Radical Democrats of Georgia,NULL,We Ourselves,19.1781
2008 Parliamentary Bi-election - Majoritarian,Tbilisi Precinct,36,2-36,Average votes per minute (08:00-12:00),0.175,Average votes per minute (12:00-17:00),0.3389,Average votes per minute (17:00-20:00),0.03,Total Turnout (%),6.6927,Total Turnout (#),103,CDM,60.1942,Georgian Group,27.1845,National Democratic Party of Georgia,NULL,National Party of Radical Democrats of Georgia,NULL,We Ourselves,12.6214
2008 Parliamentary Bi-election - Majoritarian,Tbilisi Precinct,37,2-37,Average votes per minute (08:00-12:00),0.0958,Average votes per minute (12:00-17:00),0.25,Average votes per minute (17:00-20:00),0.0333,Total Turnout (%),5.2874,Total Turnout (#),69,CDM,55.0725,Georgian Group,20.2899,National Democratic Party of Georgia,NULL,National Party of Radical Democrats of Georgia,NULL,We Ourselves,24.6377
2008 Parliamentary Bi-election - Majoritarian,Tbilisi Precinct,38,2-38,Average votes per minute (08:00-12:00),0.1333,Average votes per minute (12:00-17:00),0.2722,Average votes per minute (17:00-20:00),0.0533,Total Turnout (%),5.4902,Total Turnout (#),84,CDM,54.7619,Georgian Group,16.6667,National Democratic Party of Georgia,NULL,National Party of Radical Democrats of Georgia,NULL,We Ourselves,28.5714
2008 Parliamentary Bi-election - Majoritarian,Tbilisi Precinct,39,2-39,Average votes per minute (08:00-12:00),0.0833,Average votes per minute (12:00-17:00),0.1944,Average votes per minute (17:00-20:00),0.0167,Total Turnout (%),3.612,Total Turnout (#),54,CDM,59.2593,Georgian Group,24.0741,National Democratic Party of Georgia,NULL,National Party of Radical Democrats of Georgia,NULL,We Ourselves,16.6667
2008 Parliamentary Bi-election - Majoritarian,Tbilisi Precinct,40,2-40,Average votes per minute (08:00-12:00),0.0875,Average votes per minute (12:00-17:00),0.1389,Average votes per minute (17:00-20:00),0.09,Total Turnout (%),7.3718,Total Turnout (#),69,CDM,46.3768,Georgian Group,42.029,National Democratic Party of Georgia,NULL,National Party of Radical Democrats of Georgia,NULL,We Ourselves,11.5942
2008 Parliamentary Bi-election - Majoritarian,Tbilisi Precinct,41,2-41,Average votes per minute (08:00-12:00),0.1625,Average votes per minute (12:00-17:00),0.2444,Average votes per minute (17:00-20:00),0.0833,Total Turnout (%),6.3207,Total Turnout (#),95,CDM,55.7895,Georgian Group,24.2105,National Democratic Party of Georgia,NULL,National Party of Radical Democrats of Georgia,NULL,We Ourselves,20
2008 Parliamentary Bi-election - Majoritarian,Tbilisi Precinct,42,2-42,Average votes per minute (08:00-12:00),0.1542,Average votes per minute (12:00-17:00),0.2222,Average votes per minute (17:00-20:00),0.0567,Total Turnout (%),5.9868,Total Turnout (#),91,CDM,40.6593,Georgian Group,32.967,National Democratic Party of Georgia,NULL,National Party of Radical Democrats of Georgia,NULL,We Ourselves,26.3736
2008 Parliamentary Bi-election - Majoritarian,Tbilisi Precinct,43,2-43,Average votes per minute (08:00-12:00),0.1958,Average votes per minute (12:00-17:00),0.2056,Average votes per minute (17:00-20:00),0.0567,Total Turnout (%),5.774,Total Turnout (#),94,CDM,23.4043,Georgian Group,24.4681,National Democratic Party of Georgia,NULL,National Party of Radical Democrats of Georgia,NULL,We Ourselves,52.1277
2008 Parliamentary Bi-election - Majoritarian,Tbilisi Precinct,44,2-44,Average votes per minute (08:00-12:00),0.125,Average votes per minute (12:00-17:00),0.2056,Average votes per minute (17:00-20:00),0.06,Total Turnout (%),6.617,Total Turnout (#),80,CDM,67.5,Georgian Group,11.25,National Democratic Party of Georgia,NULL,National Party of Radical Democrats of Georgia,NULL,We Ourselves,21.25
2008 Parliamentary Bi-election - Majoritarian,Tbilisi Precinct,45,2-45,Average votes per minute (08:00-12:00),0.1708,Average votes per minute (12:00-17:00),0.2389,Average votes per minute (17:00-20:00),0.05,Total Turnout (%),6.6667,Total Turnout (#),93,CDM,59.1398,Georgian Group,16.129,National Democratic Party of Georgia,NULL,National Party of Radical Democrats of Georgia,NULL,We Ourselves,24.7312
2008 Parliamentary Bi-election - Majoritarian,Tbilisi Precinct,46,2-46,Average votes per minute (08:00-12:00),0.175,Average votes per minute (12:00-17:00),0.15,Average votes per minute (17:00-20:00),0.0433,Total Turnout (%),4.7411,Total Turnout (#),76,CDM,63.1579,Georgian Group,17.1053,National Democratic Party of Georgia,NULL,National Party of Radical Democrats of Georgia,NULL,We Ourselves,19.7368
2008 Parliamentary Bi-election - Majoritarian,Tbilisi Precinct,47,2-47,Average votes per minute (08:00-12:00),0.1583,Average votes per minute (12:00-17:00),0.1944,Average votes per minute (17:00-20:00),0.01,Total Turnout (%),4.9965,Total Turnout (#),72,CDM,52.7778,Georgian Group,29.1667,National Democratic Party of Georgia,NULL,National Party of Radical Democrats of Georgia,NULL,We Ourselves,18.0556
2008 Parliamentary Bi-election - Majoritarian,Tbilisi Precinct,48,2-48,Average votes per minute (08:00-12:00),0.0958,Average votes per minute (12:00-17:00),0.2278,Average votes per minute (17:00-20:00),0.0367,Total Turnout (%),5.5556,Total Turnout (#),73,CDM,30.137,Georgian Group,15.0685,National Democratic Party of Georgia,NULL,National Party of Radical Democrats of Georgia,NULL,We Ourselves,54.7945
2008 Parliamentary Bi-election - Majoritarian,Tbilisi Precinct,49,2-49,Average votes per minute (08:00-12:00),0.1583,Average votes per minute (12:00-17:00),0.1778,Average votes per minute (17:00-20:00),0.0733,Total Turnout (%),6.6667,Total Turnout (#),86,CDM,37.2093,Georgian Group,34.8837,National Democratic Party of Georgia,NULL,National Party of Radical Democrats of Georgia,NULL,We Ourselves,27.907
2008 Parliamentary Bi-election - Majoritarian,Tbilisi Precinct,50,2-50,Average votes per minute (08:00-12:00),0.1375,Average votes per minute (12:00-17:00),0.1667,Average votes per minute (17:00-20:00),0.04,Total Turnout (%),5.4348,Total Turnout (#),70,CDM,38.5714,Georgian Group,41.4286,National Democratic Party of Georgia,NULL,National Party of Radical Democrats of Georgia,NULL,We Ourselves,20
2008 Parliamentary Bi-election - Majoritarian,Tbilisi Precinct,51,2-51,Average votes per minute (08:00-12:00),0.1625,Average votes per minute (12:00-17:00),0.2333,Average votes per minute (17:00-20:00),0.0667,Total Turnout (%),8.6874,Total Turnout (#),92,CDM,21.7391,Georgian Group,15.2174,National Democratic Party of Georgia,NULL,National Party of Radical Democrats of Georgia,NULL,We Ourselves,63.0435
2008 Parliamentary Bi-election - Majoritarian,Tbilisi Precinct,52,2-52,Average votes per minute (08:00-12:00),0.125,Average votes per minute (12:00-17:00),0.3222,Average votes per minute (17:00-20:00),0.0867,Total Turnout (%),7.7531,Total Turnout (#),108,CDM,20.3704,Georgian Group,25,National Democratic Party of Georgia,NULL,National Party of Radical Democrats of Georgia,NULL,We Ourselves,54.6296
2008 Parliamentary Bi-election - Majoritarian,Tbilisi Precinct,53,2-53,Average votes per minute (08:00-12:00),0.1833,Average votes per minute (12:00-17:00),0.1278,Average votes per minute (17:00-20:00),0.07,Total Turnout (%),5.5234,Total Turnout (#),86,CDM,26.7442,Georgian Group,10.4651,National Democratic Party of Georgia,NULL,National Party of Radical Democrats of Georgia,NULL,We Ourselves,62.7907
2008 Parliamentary Bi-election - Majoritarian,Tbilisi Precinct,54,2-54,Average votes per minute (08:00-12:00),0.1333,Average votes per minute (12:00-17:00),0.2333,Average votes per minute (17:00-20:00),0.03,Total Turnout (%),5.137,Total Turnout (#),75,CDM,64,Georgian Group,25.3333,National Democratic Party of Georgia,NULL,National Party of Radical Democrats of Georgia,NULL,We Ourselves,10.6667
2008 Parliamentary Bi-election - Majoritarian,Tbilisi Precinct,55,2-55,Average votes per minute (08:00-12:00),0.2292,Average votes per minute (12:00-17:00),0.2722,Average votes per minute (17:00-20:00),0.0667,Total Turnout (%),7.6662,Total Turnout (#),113,CDM,56.6372,Georgian Group,17.6991,National Democratic Party of Georgia,NULL,National Party of Radical Democrats of Georgia,NULL,We Ourselves,25.6637
2008 Parliamentary Bi-election - Majoritarian,Tbilisi Precinct,56,2-56,Average votes per minute (08:00-12:00),0.1292,Average votes per minute (12:00-17:00),0.2,Average votes per minute (17:00-20:00),0.06,Total Turnout (%),5.5245,Total Turnout (#),79,CDM,72.1519,Georgian Group,12.6582,National Democratic Party of Georgia,NULL,National Party of Radical Democrats of Georgia,NULL,We Ourselves,15.1899
2008 Parliamentary Bi-election - Majoritarian,Tbilisi Precinct,57,2-57,Average votes per minute (08:00-12:00),0.2208,Average votes per minute (12:00-17:00),0.2833,Average votes per minute (17:00-20:00),0.0667,Total Turnout (%),7.1297,Total Turnout (#),116,CDM,43.1034,Georgian Group,25.8621,National Democratic Party of Georgia,NULL,National Party of Radical Democrats of Georgia,NULL,We Ourselves,31.0345
2008 Parliamentary Bi-election - Majoritarian,Tbilisi Precinct,58,2-58,Average votes per minute (08:00-12:00),0.125,Average votes per minute (12:00-17:00),0.1722,Average votes per minute (17:00-20:00),0.0767,Total Turnout (%),5.1982,Total Turnout (#),80,CDM,52.5,Georgian Group,15,National Democratic Party of Georgia,NULL,National Party of Radical Democrats of Georgia,NULL,We Ourselves,32.5
2008 Parliamentary Bi-election - Majoritarian,Tbilisi Precinct,59,2-59,Average votes per minute (08:00-12:00),0.125,Average votes per minute (12:00-17:00),0.2389,Average votes per minute (17:00-20:00),0.1133,Total Turnout (%),6.9522,Total Turnout (#),99,CDM,30.303,Georgian Group,18.1818,National Democratic Party of Georgia,NULL,National Party of Radical Democrats of Georgia,NULL,We Ourselves,51.5152
2008 Parliamentary Bi-election - Majoritarian,Tbilisi Precinct,60,2-60,Average votes per minute (08:00-12:00),0.1667,Average votes per minute (12:00-17:00),0.2389,Average votes per minute (17:00-20:00),0.08,Total Turnout (%),5.9701,Total Turnout (#),80,CDM,73.75,Georgian Group,16.25,National Democratic Party of Georgia,NULL,National Party of Radical Democrats of Georgia,NULL,We Ourselves,10
2008 Parliamentary Bi-election - Majoritarian,Tbilisi Precinct,61,2-61,Average votes per minute (08:00-12:00),0.2042,Average votes per minute (12:00-17:00),0.2833,Average votes per minute (17:00-20:00),0.0433,Total Turnout (%),7.604,Total Turnout (#),106,CDM,64.1509,Georgian Group,14.1509,National Democratic Party of Georgia,NULL,National Party of Radical Democrats of Georgia,NULL,We Ourselves,21.6981
2008 Parliamentary Bi-election - Majoritarian,Tbilisi Precinct,62,2-62,Average votes per minute (08:00-12:00),0.0917,Average votes per minute (12:00-17:00),0.1778,Average votes per minute (17:00-20:00),0.0167,Total Turnout (%),3.6011,Total Turnout (#),52,CDM,55.7692,Georgian Group,21.1538,National Democratic Party of Georgia,NULL,National Party of Radical Democrats of Georgia,NULL,We Ourselves,23.0769
2008 Parliamentary Bi-election - Majoritarian,Tbilisi Precinct,63,2-63,Average votes per minute (08:00-12:00),0.1125,Average votes per minute (12:00-17:00),0.2278,Average votes per minute (17:00-20:00),0.0833,Total Turnout (%),6.2547,Total Turnout (#),84,CDM,53.5714,Georgian Group,25,National Democratic Party of Georgia,NULL,National Party of Radical Democrats of Georgia,NULL,We Ourselves,21.4286
2008 Parliamentary Bi-election - Majoritarian,Tbilisi Precinct,64,2-64,Average votes per minute (08:00-12:00),0.1042,Average votes per minute (12:00-17:00),0.1,Average votes per minute (17:00-20:00),0.01,Total Turnout (%),4.2487,Total Turnout (#),41,CDM,53.6585,Georgian Group,24.3902,National Democratic Party of Georgia,NULL,National Party of Radical Democrats of Georgia,NULL,We Ourselves,21.9512
2008 Parliamentary Bi-election - Majoritarian,Tbilisi Precinct,65,2-65,Average votes per minute (08:00-12:00),0.1083,Average votes per minute (12:00-17:00),0.1556,Average votes per minute (17:00-20:00),0.0633,Total Turnout (%),9.3369,Total Turnout (#),69,CDM,55.0725,Georgian Group,18.8406,National Democratic Party of Georgia,NULL,National Party of Radical Democrats of Georgia,NULL,We Ourselves,26.087
2008 Parliamentary Bi-election - Majoritarian,Tbilisi Precinct,66,2-66,Average votes per minute (08:00-12:00),0.3375,Average votes per minute (12:00-17:00),0.4333,Average votes per minute (17:00-20:00),0.2433,Total Turnout (%),16.9542,Total Turnout (#),226,CDM,34.5133,Georgian Group,3.5398,National Democratic Party of Georgia,NULL,National Party of Radical Democrats of Georgia,NULL,We Ourselves,61.9469
2008 Parliamentary Bi-election - Majoritarian,Tbilisi Precinct,67,2-67,Average votes per minute (08:00-12:00),0.2167,Average votes per minute (12:00-17:00),0.1833,Average votes per minute (17:00-20:00),0.16,Total Turnout (%),11.2166,Total Turnout (#),130,CDM,32.3077,Georgian Group,4.6154,National Democratic Party of Georgia,NULL,National Party of Radical Democrats of Georgia,NULL,We Ourselves,63.0769
2008 Parliamentary Bi-election - Majoritarian,Tbilisi Precinct,68,2-68,Average votes per minute (08:00-12:00),0.2208,Average votes per minute (12:00-17:00),0.4722,Average votes per minute (17:00-20:00),0.1233,Total Turnout (%),11.9318,Total Turnout (#),168,CDM,37.5,Georgian Group,10.119,National Democratic Party of Georgia,NULL,National Party of Radical Democrats of Georgia,NULL,We Ourselves,52.381
2008 Parliamentary Bi-election - Majoritarian,Tbilisi Precinct,69,2-69,Average votes per minute (08:00-12:00),0.1792,Average votes per minute (12:00-17:00),0.3056,Average votes per minute (17:00-20:00),0.1467,Total Turnout (%),9.6961,Total Turnout (#),134,CDM,61.194,Georgian Group,2.9851,National Democratic Party of Georgia,NULL,National Party of Radical Democrats of Georgia,NULL,We Ourselves,35.8209
2008 Parliamentary Bi-election - Majoritarian,Tbilisi Precinct,70,2-70,Average votes per minute (08:00-12:00),0.2,Average votes per minute (12:00-17:00),0.3222,Average votes per minute (17:00-20:00),0.1133,Total Turnout (%),13.1902,Total Turnout (#),129,CDM,39.5349,Georgian Group,3.876,National Democratic Party of Georgia,NULL,National Party of Radical Democrats of Georgia,NULL,We Ourselves,56.5891
2008 Parliamentary Bi-election - Majoritarian,Tbilisi Precinct,71,2-71,Average votes per minute (08:00-12:00),0.1125,Average votes per minute (12:00-17:00),0.1278,Average votes per minute (17:00-20:00),0.0467,Total Turnout (%),9.3354,Total Turnout (#),59,CDM,49.1525,Georgian Group,18.6441,National Democratic Party of Georgia,NULL,National Party of Radical Democrats of Georgia,NULL,We Ourselves,32.2034
2008 Parliamentary Bi-election - Majoritarian,Tbilisi Precinct,1,8-1,Average votes per minute (08:00-12:00),0.1583,Average votes per minute (12:00-17:00),0.2167,Average votes per minute (17:00-20:00),0.0567,Total Turnout (%),6.2907,Total Turnout (#),87,CDM,NULL,Georgian Group,11.4943,National Democratic Party of Georgia,83.908,National Party of Radical Democrats of Georgia,4.5977,We Ourselves,NULL
2008 Parliamentary Bi-election - Majoritarian,Tbilisi Precinct,2,8-2,Average votes per minute (08:00-12:00),0.1167,Average votes per minute (12:00-17:00),0.2111,Average votes per minute (17:00-20:00),3.4633,Total Turnout (%),97.0556,Total Turnout (#),890,CDM,NULL,Georgian Group,29.2135,National Democratic Party of Georgia,44.9438,National Party of Radical Democrats of Georgia,25.8427,We Ourselves,NULL
2008 Parliamentary Bi-election - Majoritarian,Tbilisi Precinct,3,8-3,Average votes per minute (08:00-12:00),0.2042,Average votes per minute (12:00-17:00),0.3333,Average votes per minute (17:00-20:00),0.0633,Total Turnout (%),9.1258,Total Turnout (#),119,CDM,NULL,Georgian Group,13.4454,National Democratic Party of Georgia,78.1513,National Party of Radical Democrats of Georgia,8.4034,We Ourselves,NULL
2008 Parliamentary Bi-election - Majoritarian,Tbilisi Precinct,4,8-4,Average votes per minute (08:00-12:00),0.1417,Average votes per minute (12:00-17:00),0.2722,Average votes per minute (17:00-20:00),0.1,Total Turnout (%),8.4746,Total Turnout (#),105,CDM,NULL,Georgian Group,13.3333,National Democratic Party of Georgia,76.1905,National Party of Radical Democrats of Georgia,10.4762,We Ourselves,NULL
2008 Parliamentary Bi-election - Majoritarian,Tbilisi Precinct,5,8-5,Average votes per minute (08:00-12:00),0.0542,Average votes per minute (12:00-17:00),0.2111,Average votes per minute (17:00-20:00),0.0467,Total Turnout (%),4.384,Total Turnout (#),58,CDM,NULL,Georgian Group,5.1724,National Democratic Party of Georgia,87.931,National Party of Radical Democrats of Georgia,6.8966,We Ourselves,NULL
2008 Parliamentary Bi-election - Majoritarian,Tbilisi Precinct,6,8-6,Average votes per minute (08:00-12:00),0.0958,Average votes per minute (12:00-17:00),0.2111,Average votes per minute (17:00-20:00),0.0233,Total Turnout (%),7.3547,Total Turnout (#),62,CDM,NULL,Georgian Group,9.6774,National Democratic Party of Georgia,80.6452,National Party of Radical Democrats of Georgia,9.6774,We Ourselves,NULL
2008 Parliamentary Bi-election - Majoritarian,Tbilisi Precinct,7,8-7,Average votes per minute (08:00-12:00),0.1625,Average votes per minute (12:00-17:00),0.2722,Average votes per minute (17:00-20:00),0.0233,Total Turnout (%),7.1547,Total Turnout (#),86,CDM,NULL,Georgian Group,16.2791,National Democratic Party of Georgia,76.7442,National Party of Radical Democrats of Georgia,6.9767,We Ourselves,NULL
2008 Parliamentary Bi-election - Majoritarian,Tbilisi Precinct,8,8-8,Average votes per minute (08:00-12:00),0.1167,Average votes per minute (12:00-17:00),0.2167,Average votes per minute (17:00-20:00),0.0467,Total Turnout (%),4.8485,Total Turnout (#),72,CDM,NULL,Georgian Group,12.5,National Democratic Party of Georgia,81.9444,National Party of Radical Democrats of Georgia,5.5556,We Ourselves,NULL
2008 Parliamentary Bi-election - Majoritarian,Tbilisi Precinct,9,8-9,Average votes per minute (08:00-12:00),0.2292,Average votes per minute (12:00-17:00),0.3333,Average votes per minute (17:00-20:00),0.0933,Total Turnout (%),9.6913,Total Turnout (#),135,CDM,NULL,Georgian Group,20.7407,National Democratic Party of Georgia,73.3333,National Party of Radical Democrats of Georgia,5.9259,We Ourselves,NULL
2008 Parliamentary Bi-election - Majoritarian,Tbilisi Precinct,10,8-10,Average votes per minute (08:00-12:00),0.1,Average votes per minute (12:00-17:00),0.3833,Average votes per minute (17:00-20:00),0.0633,Total Turnout (%),7.594,Total Turnout (#),107,CDM,NULL,Georgian Group,9.3458,National Democratic Party of Georgia,76.6355,National Party of Radical Democrats of Georgia,14.0187,We Ourselves,NULL
2008 Parliamentary Bi-election - Majoritarian,Tbilisi Precinct,11,8-11,Average votes per minute (08:00-12:00),3.425,Average votes per minute (12:00-17:00),-1.75,Average votes per minute (17:00-20:00),0.0933,Total Turnout (%),36.057,Total Turnout (#),481,CDM,NULL,Georgian Group,17.4636,National Democratic Party of Georgia,66.736,National Party of Radical Democrats of Georgia,15.8004,We Ourselves,NULL
2008 Parliamentary Bi-election - Majoritarian,Tbilisi Precinct,12,8-12,Average votes per minute (08:00-12:00),NULL,Average votes per minute (12:00-17:00),NULL,Average votes per minute (17:00-20:00),NULL,Total Turnout (%),7.7048,Total Turnout (#),95,CDM,NULL,Georgian Group,12.6316,National Democratic Party of Georgia,82.1053,National Party of Radical Democrats of Georgia,5.2632,We Ourselves,NULL
2008 Parliamentary Bi-election - Majoritarian,Tbilisi Precinct,13,8-13,Average votes per minute (08:00-12:00),0.1375,Average votes per minute (12:00-17:00),0.1778,Average votes per minute (17:00-20:00),0.0467,Total Turnout (%),5.7397,Total Turnout (#),71,CDM,NULL,Georgian Group,21.1268,National Democratic Party of Georgia,73.2394,National Party of Radical Democrats of Georgia,5.6338,We Ourselves,NULL
2008 Parliamentary Bi-election - Majoritarian,Tbilisi Precinct,14,8-14,Average votes per minute (08:00-12:00),0.1667,Average votes per minute (12:00-17:00),0.2278,Average votes per minute (17:00-20:00),0.0567,Total Turnout (%),7.5,Total Turnout (#),90,CDM,NULL,Georgian Group,17.7778,National Democratic Party of Georgia,81.1111,National Party of Radical Democrats of Georgia,1.1111,We Ourselves,NULL
2008 Parliamentary Bi-election - Majoritarian,Tbilisi Precinct,15,8-15,Average votes per minute (08:00-12:00),0.1875,Average votes per minute (12:00-17:00),0.2111,Average votes per minute (17:00-20:00),0.0467,Total Turnout (%),6.1166,Total Turnout (#),86,CDM,NULL,Georgian Group,20.9302,National Democratic Party of Georgia,72.093,National Party of Radical Democrats of Georgia,6.9767,We Ourselves,NULL
2008 Parliamentary Bi-election - Majoritarian,Tbilisi Precinct,16,8-16,Average votes per minute (08:00-12:00),0.2083,Average votes per minute (12:00-17:00),0.3278,Average votes per minute (17:00-20:00),0.0633,Total Turnout (%),9.6955,Total Turnout (#),121,CDM,NULL,Georgian Group,5.7851,National Democratic Party of Georgia,85.9504,National Party of Radical Democrats of Georgia,8.2645,We Ourselves,NULL
2008 Parliamentary Bi-election - Majoritarian,Tbilisi Precinct,17,8-17,Average votes per minute (08:00-12:00),NULL,Average votes per minute (12:00-17:00),NULL,Average votes per minute (17:00-20:00),0.0767,Total Turnout (%),8.1266,Total Turnout (#),95,CDM,NULL,Georgian Group,10.5263,National Democratic Party of Georgia,86.3158,National Party of Radical Democrats of Georgia,3.1579,We Ourselves,NULL
2008 Parliamentary Bi-election - Majoritarian,Tbilisi Precinct,18,8-18,Average votes per minute (08:00-12:00),0.1333,Average votes per minute (12:00-17:00),0.35,Average votes per minute (17:00-20:00),0.0933,Total Turnout (%),9.8319,Total Turnout (#),117,CDM,NULL,Georgian Group,20.5128,National Democratic Party of Georgia,69.2308,National Party of Radical Democrats of Georgia,10.2564,We Ourselves,NULL
2008 Parliamentary Bi-election - Majoritarian,Tbilisi Precinct,19,8-19,Average votes per minute (08:00-12:00),0.2375,Average votes per minute (12:00-17:00),0.2444,Average votes per minute (17:00-20:00),0.1067,Total Turnout (%),9.816,Total Turnout (#),128,CDM,NULL,Georgian Group,13.2813,National Democratic Party of Georgia,82.0313,National Party of Radical Democrats of Georgia,4.6875,We Ourselves,NULL
2008 Parliamentary Bi-election - Majoritarian,Tbilisi Precinct,20,8-20,Average votes per minute (08:00-12:00),0.0708,Average votes per minute (12:00-17:00),0.2556,Average votes per minute (17:00-20:00),0.0667,Total Turnout (%),7.9286,Total Turnout (#),80,CDM,NULL,Georgian Group,31.25,National Democratic Party of Georgia,66.25,National Party of Radical Democrats of Georgia,2.5,We Ourselves,NULL
2008 Parliamentary Bi-election - Majoritarian,Tbilisi Precinct,21,8-21,Average votes per minute (08:00-12:00),0.175,Average votes per minute (12:00-17:00),0.3222,Average votes per minute (17:00-20:00),0.0933,Total Turnout (%),11.0307,Total Turnout (#),122,CDM,NULL,Georgian Group,13.1148,National Democratic Party of Georgia,67.2131,National Party of Radical Democrats of Georgia,19.6721,We Ourselves,NULL
2008 Parliamentary Bi-election - Majoritarian,Tbilisi Precinct,22,8-22,Average votes per minute (08:00-12:00),0.2167,Average votes per minute (12:00-17:00),0.4222,Average votes per minute (17:00-20:00),0.2333,Total Turnout (%),14.6322,Total Turnout (#),187,CDM,NULL,Georgian Group,12.8342,National Democratic Party of Georgia,81.2834,National Party of Radical Democrats of Georgia,5.8824,We Ourselves,NULL
2008 Parliamentary Bi-election - Majoritarian,Tbilisi Precinct,23,8-23,Average votes per minute (08:00-12:00),0.2042,Average votes per minute (12:00-17:00),0.3444,Average votes per minute (17:00-20:00),0.03,Total Turnout (%),10.4436,Total Turnout (#),113,CDM,NULL,Georgian Group,35.3982,National Democratic Party of Georgia,62.8319,National Party of Radical Democrats of Georgia,1.7699,We Ourselves,NULL
2008 Parliamentary Bi-election - Majoritarian,Tbilisi Precinct,24,8-24,Average votes per minute (08:00-12:00),0.1542,Average votes per minute (12:00-17:00),0.2167,Average votes per minute (17:00-20:00),0.0567,Total Turnout (%),5.7394,Total Turnout (#),85,CDM,NULL,Georgian Group,11.7647,National Democratic Party of Georgia,78.8235,National Party of Radical Democrats of Georgia,9.4118,We Ourselves,NULL
2008 Parliamentary Bi-election - Majoritarian,Tbilisi Precinct,25,8-25,Average votes per minute (08:00-12:00),0.1625,Average votes per minute (12:00-17:00),0.2722,Average votes per minute (17:00-20:00),0.0967,Total Turnout (%),7.5472,Total Turnout (#),112,CDM,NULL,Georgian Group,9.8214,National Democratic Party of Georgia,75.8929,National Party of Radical Democrats of Georgia,14.2857,We Ourselves,NULL
2008 Parliamentary Bi-election - Majoritarian,Tbilisi Precinct,26,8-26,Average votes per minute (08:00-12:00),0.1167,Average votes per minute (12:00-17:00),0.3722,Average votes per minute (17:00-20:00),0.11,Total Turnout (%),8.7116,Total Turnout (#),119,CDM,NULL,Georgian Group,13.4454,National Democratic Party of Georgia,75.6303,National Party of Radical Democrats of Georgia,10.9244,We Ourselves,NULL
2008 Parliamentary Bi-election - Majoritarian,Tbilisi Precinct,27,8-27,Average votes per minute (08:00-12:00),0.1208,Average votes per minute (12:00-17:00),0.5556,Average votes per minute (17:00-20:00),0.0833,Total Turnout (%),10.4816,Total Turnout (#),148,CDM,NULL,Georgian Group,19.5946,National Democratic Party of Georgia,72.2973,National Party of Radical Democrats of Georgia,8.1081,We Ourselves,NULL
2008 Parliamentary Bi-election - Majoritarian,Tbilisi Precinct,28,8-28,Average votes per minute (08:00-12:00),0.1458,Average votes per minute (12:00-17:00),0.1944,Average votes per minute (17:00-20:00),0.0133,Total Turnout (%),5.0241,Total Turnout (#),73,CDM,NULL,Georgian Group,20.5479,National Democratic Party of Georgia,72.6027,National Party of Radical Democrats of Georgia,6.8493,We Ourselves,NULL
2008 Parliamentary Bi-election - Majoritarian,Tbilisi Precinct,29,8-29,Average votes per minute (08:00-12:00),0.2,Average votes per minute (12:00-17:00),0.3333,Average votes per minute (17:00-20:00),0.12,Total Turnout (%),10.0361,Total Turnout (#),139,CDM,NULL,Georgian Group,7.9137,National Democratic Party of Georgia,90.6475,National Party of Radical Democrats of Georgia,1.4388,We Ourselves,NULL
2008 Parliamentary Bi-election - Majoritarian,Tbilisi Precinct,30,8-30,Average votes per minute (08:00-12:00),0.225,Average votes per minute (12:00-17:00),0.3056,Average votes per minute (17:00-20:00),0.0767,Total Turnout (%),9.1979,Total Turnout (#),125,CDM,NULL,Georgian Group,14.4,National Democratic Party of Georgia,64.8,National Party of Radical Democrats of Georgia,20.8,We Ourselves,NULL
2008 Parliamentary Bi-election - Majoritarian,Tbilisi Precinct,31,8-31,Average votes per minute (08:00-12:00),0.2625,Average votes per minute (12:00-17:00),0.6056,Average votes per minute (17:00-20:00),0.32,Total Turnout (%),21.217,Total Turnout (#),265,CDM,NULL,Georgian Group,6.7925,National Democratic Party of Georgia,91.3208,National Party of Radical Democrats of Georgia,1.8868,We Ourselves,NULL
2008 Parliamentary Bi-election - Majoritarian,Tbilisi Precinct,32,8-32,Average votes per minute (08:00-12:00),0.2667,Average votes per minute (12:00-17:00),0.3278,Average votes per minute (17:00-20:00),0.07,Total Turnout (%),10.7026,Total Turnout (#),131,CDM,NULL,Georgian Group,20.6107,National Democratic Party of Georgia,69.4656,National Party of Radical Democrats of Georgia,9.9237,We Ourselves,NULL
2008 Parliamentary Bi-election - Majoritarian,Tbilisi Precinct,33,8-33,Average votes per minute (08:00-12:00),0.2,Average votes per minute (12:00-17:00),0.4222,Average votes per minute (17:00-20:00),0.07,Total Turnout (%),10.2071,Total Turnout (#),138,CDM,NULL,Georgian Group,11.5942,National Democratic Party of Georgia,84.058,National Party of Radical Democrats of Georgia,4.3478,We Ourselves,NULL
2008 Parliamentary Bi-election - Majoritarian,Tbilisi Precinct,34,8-34,Average votes per minute (08:00-12:00),0.1917,Average votes per minute (12:00-17:00),0.3111,Average votes per minute (17:00-20:00),0.0567,Total Turnout (%),8.1602,Total Turnout (#),110,CDM,NULL,Georgian Group,15.4545,National Democratic Party of Georgia,79.0909,National Party of Radical Democrats of Georgia,5.4545,We Ourselves,NULL
2008 Parliamentary Bi-election - Majoritarian,Tbilisi Precinct,35,8-35,Average votes per minute (08:00-12:00),0.1333,Average votes per minute (12:00-17:00),0.3,Average votes per minute (17:00-20:00),0.0133,Total Turnout (%),5.7325,Total Turnout (#),81,CDM,NULL,Georgian Group,14.8148,National Democratic Party of Georgia,71.6049,National Party of Radical Democrats of Georgia,13.5802,We Ourselves,NULL
2008 Parliamentary Bi-election - Majoritarian,Tbilisi Precinct,36,8-36,Average votes per minute (08:00-12:00),0.1875,Average votes per minute (12:00-17:00),0.3,Average votes per minute (17:00-20:00),0.0767,Total Turnout (%),8.6347,Total Turnout (#),117,CDM,NULL,Georgian Group,23.0769,National Democratic Party of Georgia,68.3761,National Party of Radical Democrats of Georgia,8.547,We Ourselves,NULL
2008 Parliamentary Bi-election - Majoritarian,Tbilisi Precinct,37,8-37,Average votes per minute (08:00-12:00),0.1917,Average votes per minute (12:00-17:00),0.2333,Average votes per minute (17:00-20:00),0.05,Total Turnout (%),6.681,Total Turnout (#),93,CDM,NULL,Georgian Group,30.1075,National Democratic Party of Georgia,58.0645,National Party of Radical Democrats of Georgia,11.828,We Ourselves,NULL
2008 Parliamentary Bi-election - Majoritarian,Tbilisi Precinct,38,8-38,Average votes per minute (08:00-12:00),0.1625,Average votes per minute (12:00-17:00),0.1167,Average votes per minute (17:00-20:00),0.0267,Total Turnout (%),7.2893,Total Turnout (#),64,CDM,NULL,Georgian Group,28.125,National Democratic Party of Georgia,64.0625,National Party of Radical Democrats of Georgia,7.8125,We Ourselves,NULL
2008 Parliamentary Bi-election - Majoritarian,Tbilisi Precinct,39,8-39,Average votes per minute (08:00-12:00),0.1875,Average votes per minute (12:00-17:00),0.3833,Average votes per minute (17:00-20:00),0.1033,Total Turnout (%),9.8522,Total Turnout (#),140,CDM,NULL,Georgian Group,7.1429,National Democratic Party of Georgia,89.2857,National Party of Radical Democrats of Georgia,3.5714,We Ourselves,NULL
2008 Parliamentary Bi-election - Majoritarian,Tbilisi Precinct,40,8-40,Average votes per minute (08:00-12:00),0.2,Average votes per minute (12:00-17:00),0.3778,Average votes per minute (17:00-20:00),0.06,Total Turnout (%),8.9838,Total Turnout (#),122,CDM,NULL,Georgian Group,15.5738,National Democratic Party of Georgia,80.3279,National Party of Radical Democrats of Georgia,4.0984,We Ourselves,NULL
2008 Parliamentary Bi-election - Majoritarian,Tbilisi Precinct,41,8-41,Average votes per minute (08:00-12:00),0.125,Average votes per minute (12:00-17:00),0.3389,Average votes per minute (17:00-20:00),0.07,Total Turnout (%),7.55,Total Turnout (#),102,CDM,NULL,Georgian Group,10.7843,National Democratic Party of Georgia,80.3922,National Party of Radical Democrats of Georgia,8.8235,We Ourselves,NULL
2008 Parliamentary Bi-election - Majoritarian,Tbilisi Precinct,42,8-42,Average votes per minute (08:00-12:00),0.3375,Average votes per minute (12:00-17:00),0.1056,Average votes per minute (17:00-20:00),0.0933,Total Turnout (%),8.2079,Total Turnout (#),120,CDM,NULL,Georgian Group,17.5,National Democratic Party of Georgia,75.8333,National Party of Radical Democrats of Georgia,6.6667,We Ourselves,NULL
2008 Parliamentary Bi-election - Majoritarian,Tbilisi Precinct,43,8-43,Average votes per minute (08:00-12:00),0.1375,Average votes per minute (12:00-17:00),0.4667,Average votes per minute (17:00-20:00),0.0733,Total Turnout (%),9.5105,Total Turnout (#),136,CDM,NULL,Georgian Group,19.1176,National Democratic Party of Georgia,71.3235,National Party of Radical Democrats of Georgia,9.5588,We Ourselves,NULL
2008 Parliamentary Bi-election - Majoritarian,Tbilisi Precinct,44,8-44,Average votes per minute (08:00-12:00),0.2333,Average votes per minute (12:00-17:00),0.2556,Average votes per minute (17:00-20:00),0.0567,Total Turnout (%),9.6586,Total Turnout (#),116,CDM,NULL,Georgian Group,16.3793,National Democratic Party of Georgia,80.1724,National Party of Radical Democrats of Georgia,3.4483,We Ourselves,NULL
2008 Parliamentary Bi-election - Majoritarian,Tbilisi Precinct,45,8-45,Average votes per minute (08:00-12:00),0.1583,Average votes per minute (12:00-17:00),0.2,Average votes per minute (17:00-20:00),0.0433,Total Turnout (%),9.2818,Total Turnout (#),84,CDM,NULL,Georgian Group,30.9524,National Democratic Party of Georgia,67.8571,National Party of Radical Democrats of Georgia,1.1905,We Ourselves,NULL
2008 Parliamentary Bi-election - Majoritarian,Tbilisi Precinct,46,8-46,Average votes per minute (08:00-12:00),0.1792,Average votes per minute (12:00-17:00),0.3611,Average votes per minute (17:00-20:00),0.07,Total Turnout (%),9.5618,Total Turnout (#),120,CDM,NULL,Georgian Group,16.6667,National Democratic Party of Georgia,76.6667,National Party of Radical Democrats of Georgia,6.6667,We Ourselves,NULL
2008 Parliamentary Bi-election - Majoritarian,Tbilisi Precinct,47,8-47,Average votes per minute (08:00-12:00),0.1958,Average votes per minute (12:00-17:00),0.3722,Average votes per minute (17:00-20:00),0.0267,Total Turnout (%),8.8167,Total Turnout (#),114,CDM,NULL,Georgian Group,13.1579,National Democratic Party of Georgia,81.5789,National Party of Radical Democrats of Georgia,5.2632,We Ourselves,NULL
2008 Parliamentary Bi-election - Majoritarian,Tbilisi Precinct,48,8-48,Average votes per minute (08:00-12:00),0.2292,Average votes per minute (12:00-17:00),0.2944,Average votes per minute (17:00-20:00),0.0567,Total Turnout (%),9.6484,Total Turnout (#),118,CDM,NULL,Georgian Group,28.8136,National Democratic Party of Georgia,65.2542,National Party of Radical Democrats of Georgia,5.9322,We Ourselves,NULL
2008 Parliamentary Bi-election - Majoritarian,Tbilisi Precinct,49,8-49,Average votes per minute (08:00-12:00),0.3542,Average votes per minute (12:00-17:00),0.4111,Average votes per minute (17:00-20:00),0.0733,Total Turnout (%),12.1413,Total Turnout (#),165,CDM,NULL,Georgian Group,31.5152,National Democratic Party of Georgia,65.4545,National Party of Radical Democrats of Georgia,3.0303,We Ourselves,NULL
2008 Parliamentary Bi-election - Majoritarian,Tbilisi Precinct,50,8-50,Average votes per minute (08:00-12:00),0.2542,Average votes per minute (12:00-17:00),0.4556,Average votes per minute (17:00-20:00),0.1267,Total Turnout (%),11.9658,Total Turnout (#),168,CDM,NULL,Georgian Group,45.2381,National Democratic Party of Georgia,48.2143,National Party of Radical Democrats of Georgia,6.5476,We Ourselves,NULL
2008 Parliamentary Bi-election - Majoritarian,Tbilisi Precinct,51,8-51,Average votes per minute (08:00-12:00),0.1792,Average votes per minute (12:00-17:00),0.3667,Average votes per minute (17:00-20:00),0.0967,Total Turnout (%),9.7201,Total Turnout (#),125,CDM,NULL,Georgian Group,40.8,National Democratic Party of Georgia,56.8,National Party of Radical Democrats of Georgia,2.4,We Ourselves,NULL
2008 Parliamentary Bi-election - Majoritarian,Tbilisi Precinct,52,8-52,Average votes per minute (08:00-12:00),0.2792,Average votes per minute (12:00-17:00),0.3167,Average votes per minute (17:00-20:00),0.0833,Total Turnout (%),10.4258,Total Turnout (#),142,CDM,NULL,Georgian Group,32.3944,National Democratic Party of Georgia,59.8592,National Party of Radical Democrats of Georgia,7.7465,We Ourselves,NULL
2008 Parliamentary Bi-election - Majoritarian,Tbilisi Precinct,53,8-53,Average votes per minute (08:00-12:00),0.4625,Average votes per minute (12:00-17:00),0.3722,Average votes per minute (17:00-20:00),0.1433,Total Turnout (%),14.9346,Total Turnout (#),217,CDM,NULL,Georgian Group,7.8341,National Democratic Party of Georgia,87.5576,National Party of Radical Democrats of Georgia,4.6083,We Ourselves,NULL
2008 Parliamentary Bi-election - Majoritarian,Tbilisi Precinct,54,8-54,Average votes per minute (08:00-12:00),0.1292,Average votes per minute (12:00-17:00),0.3944,Average votes per minute (17:00-20:00),0.0833,Total Turnout (%),9.9258,Total Turnout (#),107,CDM,NULL,Georgian Group,17.757,National Democratic Party of Georgia,74.7664,National Party of Radical Democrats of Georgia,7.4766,We Ourselves,NULL
2008 Parliamentary Bi-election - Majoritarian,Tbilisi Precinct,55,8-55,Average votes per minute (08:00-12:00),0.0208,Average votes per minute (12:00-17:00),0.0056,Average votes per minute (17:00-20:00),0,Total Turnout (%),0.4691,Total Turnout (#),6,CDM,NULL,Georgian Group,0,National Democratic Party of Georgia,83.3333,National Party of Radical Democrats of Georgia,16.6667,We Ourselves,NULL
