Event, Shape Type,id,name, en: Indicator Name,,,,,,,,,,,,,,,
2010 Parliamentary Bi-election - Majoritarian,District,60,Ozurgeti,Total Turnout (%),48.808,Total Turnout (#),31918,CDM,NULL,Nikoloz Ivanishvili Public Democrats,NULL,Movement for Fair Georgia,19.1553,Party of Future,NULL,Tortladze Democratic Party,4.5335,United National Movement,76.3112
2010 Parliamentary Bi-election - Majoritarian,District,12,Gurjaani,Total Turnout (%),39.9982,Total Turnout (#),22409,CDM,NULL,Nikoloz Ivanishvili Public Democrats,NULL,Movement for Fair Georgia,11.7765,Party of Future,2.856,Tortladze Democratic Party,4.3643,United National Movement,81.0032
2010 Parliamentary Bi-election - Majoritarian,District,999,Tbilisi,Total Turnout (%),44.1638,Total Turnout (#),24896,CDM,16.9344,Nikoloz Ivanishvili Public Democrats,9.8891,Movement for Fair Georgia,4.7799,Party of Future,NULL,Tortladze Democratic Party,2.0445,United National Movement,66.352
2010 Parliamentary Bi-election - Majoritarian,Tbilisi District,7,Chugureti,Total Turnout (%),44.1638,Total Turnout (#),24896,CDM,16.9344,Nikoloz Ivanishvili Public Democrats,9.8891,Movement for Fair Georgia,4.7799,Party of Future,NULL,Tortladze Democratic Party,2.0445,United National Movement,66.352
2010 Parliamentary Bi-election - Majoritarian,Precinct,1,12-1,Total Turnout (%),31.4996,Total Turnout (#),418,CDM,NULL,Nikoloz Ivanishvili Public Democrats,NULL,Movement for Fair Georgia,16.9856,Party of Future,0.9569,Tortladze Democratic Party,5.2632,United National Movement,76.7943
2010 Parliamentary Bi-election - Majoritarian,Precinct,2,12-2,Total Turnout (%),37.8002,Total Turnout (#),488,CDM,NULL,Nikoloz Ivanishvili Public Democrats,NULL,Movement for Fair Georgia,9.0164,Party of Future,2.0492,Tortladze Democratic Party,4.7131,United National Movement,84.2213
2010 Parliamentary Bi-election - Majoritarian,Precinct,3,12-3,Total Turnout (%),29.6144,Total Turnout (#),361,CDM,NULL,Nikoloz Ivanishvili Public Democrats,NULL,Movement for Fair Georgia,13.8504,Party of Future,3.0471,Tortladze Democratic Party,7.2022,United National Movement,75.9003
2010 Parliamentary Bi-election - Majoritarian,Precinct,4,12-4,Total Turnout (%),35.8067,Total Turnout (#),526,CDM,NULL,Nikoloz Ivanishvili Public Democrats,NULL,Movement for Fair Georgia,11.2167,Party of Future,1.5209,Tortladze Democratic Party,5.3232,United National Movement,81.9392
2010 Parliamentary Bi-election - Majoritarian,Precinct,5,12-5,Total Turnout (%),30.0844,Total Turnout (#),392,CDM,NULL,Nikoloz Ivanishvili Public Democrats,NULL,Movement for Fair Georgia,19.898,Party of Future,2.2959,Tortladze Democratic Party,5.3571,United National Movement,72.449
2010 Parliamentary Bi-election - Majoritarian,Precinct,6,12-6,Total Turnout (%),37.5533,Total Turnout (#),528,CDM,NULL,Nikoloz Ivanishvili Public Democrats,NULL,Movement for Fair Georgia,21.0227,Party of Future,4.9242,Tortladze Democratic Party,6.6288,United National Movement,67.4242
2010 Parliamentary Bi-election - Majoritarian,Precinct,7,12-7,Total Turnout (%),37.013,Total Turnout (#),399,CDM,NULL,Nikoloz Ivanishvili Public Democrats,NULL,Movement for Fair Georgia,15.2882,Party of Future,10.0251,Tortladze Democratic Party,4.5113,United National Movement,70.1754
2010 Parliamentary Bi-election - Majoritarian,Precinct,8,12-8,Total Turnout (%),33.5907,Total Turnout (#),348,CDM,NULL,Nikoloz Ivanishvili Public Democrats,NULL,Movement for Fair Georgia,14.3678,Party of Future,5.7471,Tortladze Democratic Party,5.1724,United National Movement,74.7126
2010 Parliamentary Bi-election - Majoritarian,Precinct,9,12-9,Total Turnout (%),29.6789,Total Turnout (#),379,CDM,NULL,Nikoloz Ivanishvili Public Democrats,NULL,Movement for Fair Georgia,20.8443,Party of Future,6.0686,Tortladze Democratic Party,7.3879,United National Movement,65.6992
2010 Parliamentary Bi-election - Majoritarian,Precinct,10,12-10,Total Turnout (%),28.0259,Total Turnout (#),433,CDM,NULL,Nikoloz Ivanishvili Public Democrats,NULL,Movement for Fair Georgia,8.0831,Party of Future,15.7044,Tortladze Democratic Party,5.0808,United National Movement,71.1316
2010 Parliamentary Bi-election - Majoritarian,Precinct,11,12-11,Total Turnout (%),24.6017,Total Turnout (#),386,CDM,NULL,Nikoloz Ivanishvili Public Democrats,NULL,Movement for Fair Georgia,8.8083,Party of Future,17.0984,Tortladze Democratic Party,4.6632,United National Movement,69.4301
2010 Parliamentary Bi-election - Majoritarian,Precinct,12,12-12,Total Turnout (%),54.8456,Total Turnout (#),515,CDM,NULL,Nikoloz Ivanishvili Public Democrats,NULL,Movement for Fair Georgia,13.3981,Party of Future,3.4951,Tortladze Democratic Party,5.4369,United National Movement,77.6699
2010 Parliamentary Bi-election - Majoritarian,Precinct,13,12-13,Total Turnout (%),56.5097,Total Turnout (#),204,CDM,NULL,Nikoloz Ivanishvili Public Democrats,NULL,Movement for Fair Georgia,3.4314,Party of Future,0.9804,Tortladze Democratic Party,4.902,United National Movement,90.6863
2010 Parliamentary Bi-election - Majoritarian,Precinct,14,12-14,Total Turnout (%),31.6689,Total Turnout (#),482,CDM,NULL,Nikoloz Ivanishvili Public Democrats,NULL,Movement for Fair Georgia,9.751,Party of Future,1.4523,Tortladze Democratic Party,2.0747,United National Movement,86.722
2010 Parliamentary Bi-election - Majoritarian,Precinct,15,12-15,Total Turnout (%),49.967,Total Turnout (#),758,CDM,NULL,Nikoloz Ivanishvili Public Democrats,NULL,Movement for Fair Georgia,0.6596,Party of Future,1.0554,Tortladze Democratic Party,0.3958,United National Movement,97.8892
2010 Parliamentary Bi-election - Majoritarian,Precinct,16,12-16,Total Turnout (%),45.0033,Total Turnout (#),680,CDM,NULL,Nikoloz Ivanishvili Public Democrats,NULL,Movement for Fair Georgia,4.8529,Party of Future,1.0294,Tortladze Democratic Party,2.6471,United National Movement,91.4706
2010 Parliamentary Bi-election - Majoritarian,Precinct,17,12-17,Total Turnout (%),44.6923,Total Turnout (#),581,CDM,NULL,Nikoloz Ivanishvili Public Democrats,NULL,Movement for Fair Georgia,20.3098,Party of Future,3.2702,Tortladze Democratic Party,6.7126,United National Movement,69.7074
2010 Parliamentary Bi-election - Majoritarian,Precinct,18,12-18,Total Turnout (%),43.9662,Total Turnout (#),521,CDM,NULL,Nikoloz Ivanishvili Public Democrats,NULL,Movement for Fair Georgia,26.1036,Party of Future,4.9904,Tortladze Democratic Party,7.2937,United National Movement,61.6123
2010 Parliamentary Bi-election - Majoritarian,Precinct,19,12-19,Total Turnout (%),31.6,Total Turnout (#),395,CDM,NULL,Nikoloz Ivanishvili Public Democrats,NULL,Movement for Fair Georgia,11.8987,Party of Future,2.5316,Tortladze Democratic Party,6.0759,United National Movement,79.4937
2010 Parliamentary Bi-election - Majoritarian,Precinct,20,12-20,Total Turnout (%),52,Total Turnout (#),442,CDM,NULL,Nikoloz Ivanishvili Public Democrats,NULL,Movement for Fair Georgia,10.181,Party of Future,2.2624,Tortladze Democratic Party,4.2986,United National Movement,83.2579
2010 Parliamentary Bi-election - Majoritarian,Precinct,21,12-21,Total Turnout (%),37.5,Total Turnout (#),102,CDM,NULL,Nikoloz Ivanishvili Public Democrats,NULL,Movement for Fair Georgia,19.6078,Party of Future,4.902,Tortladze Democratic Party,4.902,United National Movement,70.5882
2010 Parliamentary Bi-election - Majoritarian,Precinct,22,12-22,Total Turnout (%),26.2416,Total Turnout (#),391,CDM,NULL,Nikoloz Ivanishvili Public Democrats,NULL,Movement for Fair Georgia,11.2532,Party of Future,3.0691,Tortladze Democratic Party,9.7187,United National Movement,75.9591
2010 Parliamentary Bi-election - Majoritarian,Precinct,23,12-23,Total Turnout (%),54.4304,Total Turnout (#),645,CDM,NULL,Nikoloz Ivanishvili Public Democrats,NULL,Movement for Fair Georgia,6.0465,Party of Future,1.0853,Tortladze Democratic Party,2.9457,United National Movement,89.9225
2010 Parliamentary Bi-election - Majoritarian,Precinct,24,12-24,Total Turnout (%),48.9712,Total Turnout (#),476,CDM,NULL,Nikoloz Ivanishvili Public Democrats,NULL,Movement for Fair Georgia,18.6975,Party of Future,1.4706,Tortladze Democratic Party,2.7311,United National Movement,77.1008
2010 Parliamentary Bi-election - Majoritarian,Precinct,25,12-25,Total Turnout (%),43.3503,Total Turnout (#),427,CDM,NULL,Nikoloz Ivanishvili Public Democrats,NULL,Movement for Fair Georgia,29.9766,Party of Future,3.2787,Tortladze Democratic Party,4.918,United National Movement,61.8267
2010 Parliamentary Bi-election - Majoritarian,Precinct,26,12-26,Total Turnout (%),33.3333,Total Turnout (#),509,CDM,NULL,Nikoloz Ivanishvili Public Democrats,NULL,Movement for Fair Georgia,14.5383,Party of Future,2.947,Tortladze Democratic Party,4.9116,United National Movement,77.6031
2010 Parliamentary Bi-election - Majoritarian,Precinct,27,12-27,Total Turnout (%),33.138,Total Turnout (#),509,CDM,NULL,Nikoloz Ivanishvili Public Democrats,NULL,Movement for Fair Georgia,13.9489,Party of Future,1.7682,Tortladze Democratic Party,5.1081,United National Movement,79.1749
2010 Parliamentary Bi-election - Majoritarian,Precinct,28,12-28,Total Turnout (%),62.0058,Total Turnout (#),643,CDM,NULL,Nikoloz Ivanishvili Public Democrats,NULL,Movement for Fair Georgia,9.3313,Party of Future,1.2442,Tortladze Democratic Party,2.6439,United National Movement,86.7807
2010 Parliamentary Bi-election - Majoritarian,Precinct,29,12-29,Total Turnout (%),31.6361,Total Turnout (#),466,CDM,NULL,Nikoloz Ivanishvili Public Democrats,NULL,Movement for Fair Georgia,17.382,Party of Future,3.4335,Tortladze Democratic Party,9.2275,United National Movement,69.9571
2010 Parliamentary Bi-election - Majoritarian,Precinct,30,12-30,Total Turnout (%),45.5032,Total Turnout (#),425,CDM,NULL,Nikoloz Ivanishvili Public Democrats,NULL,Movement for Fair Georgia,9.4118,Party of Future,2.1176,Tortladze Democratic Party,5.6471,United National Movement,82.8235
2010 Parliamentary Bi-election - Majoritarian,Precinct,31,12-31,Total Turnout (%),24.069,Total Turnout (#),349,CDM,NULL,Nikoloz Ivanishvili Public Democrats,NULL,Movement for Fair Georgia,7.7364,Party of Future,2.0057,Tortladze Democratic Party,1.4327,United National Movement,88.8252
2010 Parliamentary Bi-election - Majoritarian,Precinct,32,12-32,Total Turnout (%),31.5362,Total Turnout (#),427,CDM,NULL,Nikoloz Ivanishvili Public Democrats,NULL,Movement for Fair Georgia,6.7916,Party of Future,0.7026,Tortladze Democratic Party,3.5129,United National Movement,88.993
2010 Parliamentary Bi-election - Majoritarian,Precinct,33,12-33,Total Turnout (%),26.2018,Total Turnout (#),387,CDM,NULL,Nikoloz Ivanishvili Public Democrats,NULL,Movement for Fair Georgia,7.7519,Party of Future,0.7752,Tortladze Democratic Party,3.876,United National Movement,87.5969
2010 Parliamentary Bi-election - Majoritarian,Precinct,34,12-34,Total Turnout (%),59.9287,Total Turnout (#),504,CDM,NULL,Nikoloz Ivanishvili Public Democrats,NULL,Movement for Fair Georgia,5.5556,Party of Future,1.1905,Tortladze Democratic Party,2.5794,United National Movement,90.6746
2010 Parliamentary Bi-election - Majoritarian,Precinct,35,12-35,Total Turnout (%),47.532,Total Turnout (#),520,CDM,NULL,Nikoloz Ivanishvili Public Democrats,NULL,Movement for Fair Georgia,6.1538,Party of Future,1.7308,Tortladze Democratic Party,1.5385,United National Movement,90.5769
2010 Parliamentary Bi-election - Majoritarian,Precinct,36,12-36,Total Turnout (%),47.4026,Total Turnout (#),657,CDM,NULL,Nikoloz Ivanishvili Public Democrats,NULL,Movement for Fair Georgia,6.2405,Party of Future,1.2177,Tortladze Democratic Party,4.2618,United National Movement,88.2801
2010 Parliamentary Bi-election - Majoritarian,Precinct,37,12-37,Total Turnout (%),45.5294,Total Turnout (#),387,CDM,NULL,Nikoloz Ivanishvili Public Democrats,NULL,Movement for Fair Georgia,8.0103,Party of Future,2.8424,Tortladze Democratic Party,4.3928,United National Movement,84.7545
2010 Parliamentary Bi-election - Majoritarian,Precinct,38,12-38,Total Turnout (%),52.6471,Total Turnout (#),358,CDM,NULL,Nikoloz Ivanishvili Public Democrats,NULL,Movement for Fair Georgia,8.9385,Party of Future,3.0726,Tortladze Democratic Party,5.5866,United National Movement,82.4022
2010 Parliamentary Bi-election - Majoritarian,Precinct,39,12-39,Total Turnout (%),48.5646,Total Turnout (#),609,CDM,NULL,Nikoloz Ivanishvili Public Democrats,NULL,Movement for Fair Georgia,12.1511,Party of Future,2.4631,Tortladze Democratic Party,5.4187,United National Movement,79.9672
2010 Parliamentary Bi-election - Majoritarian,Precinct,40,12-40,Total Turnout (%),70.1613,Total Turnout (#),348,CDM,NULL,Nikoloz Ivanishvili Public Democrats,NULL,Movement for Fair Georgia,11.2069,Party of Future,1.1494,Tortladze Democratic Party,2.5862,United National Movement,85.0575
2010 Parliamentary Bi-election - Majoritarian,Precinct,41,12-41,Total Turnout (%),58.1683,Total Turnout (#),705,CDM,NULL,Nikoloz Ivanishvili Public Democrats,NULL,Movement for Fair Georgia,6.2411,Party of Future,0.4255,Tortladze Democratic Party,0.7092,United National Movement,92.6241
2010 Parliamentary Bi-election - Majoritarian,Precinct,42,12-42,Total Turnout (%),50.9302,Total Turnout (#),219,CDM,NULL,Nikoloz Ivanishvili Public Democrats,NULL,Movement for Fair Georgia,5.0228,Party of Future,1.3699,Tortladze Democratic Party,3.653,United National Movement,89.9543
2010 Parliamentary Bi-election - Majoritarian,Precinct,43,12-43,Total Turnout (%),41.295,Total Turnout (#),574,CDM,NULL,Nikoloz Ivanishvili Public Democrats,NULL,Movement for Fair Georgia,7.4913,Party of Future,4.1812,Tortladze Democratic Party,4.3554,United National Movement,83.9721
2010 Parliamentary Bi-election - Majoritarian,Precinct,44,12-44,Total Turnout (%),73.5219,Total Turnout (#),286,CDM,NULL,Nikoloz Ivanishvili Public Democrats,NULL,Movement for Fair Georgia,3.4965,Party of Future,0.6993,Tortladze Democratic Party,1.3986,United National Movement,94.4056
2010 Parliamentary Bi-election - Majoritarian,Precinct,45,12-45,Total Turnout (%),64.5006,Total Turnout (#),536,CDM,NULL,Nikoloz Ivanishvili Public Democrats,NULL,Movement for Fair Georgia,21.0821,Party of Future,0.3731,Tortladze Democratic Party,1.1194,United National Movement,77.4254
2010 Parliamentary Bi-election - Majoritarian,Precinct,46,12-46,Total Turnout (%),40.8745,Total Turnout (#),430,CDM,NULL,Nikoloz Ivanishvili Public Democrats,NULL,Movement for Fair Georgia,9.3023,Party of Future,1.6279,Tortladze Democratic Party,6.2791,United National Movement,82.7907
2010 Parliamentary Bi-election - Majoritarian,Precinct,47,12-47,Total Turnout (%),31.8307,Total Turnout (#),346,CDM,NULL,Nikoloz Ivanishvili Public Democrats,NULL,Movement for Fair Georgia,20.8092,Party of Future,1.1561,Tortladze Democratic Party,6.3584,United National Movement,71.6763
2010 Parliamentary Bi-election - Majoritarian,Precinct,48,12-48,Total Turnout (%),35.4872,Total Turnout (#),346,CDM,NULL,Nikoloz Ivanishvili Public Democrats,NULL,Movement for Fair Georgia,11.5607,Party of Future,4.0462,Tortladze Democratic Party,4.0462,United National Movement,80.3468
2010 Parliamentary Bi-election - Majoritarian,Precinct,49,12-49,Total Turnout (%),37.0714,Total Turnout (#),400,CDM,NULL,Nikoloz Ivanishvili Public Democrats,NULL,Movement for Fair Georgia,12.25,Party of Future,1,Tortladze Democratic Party,3.75,United National Movement,83
2010 Parliamentary Bi-election - Majoritarian,Precinct,50,12-50,Total Turnout (%),53.4351,Total Turnout (#),140,CDM,NULL,Nikoloz Ivanishvili Public Democrats,NULL,Movement for Fair Georgia,20,Party of Future,4.2857,Tortladze Democratic Party,6.4286,United National Movement,69.2857
2010 Parliamentary Bi-election - Majoritarian,Precinct,51,12-51,Total Turnout (%),74.2857,Total Turnout (#),52,CDM,NULL,Nikoloz Ivanishvili Public Democrats,NULL,Movement for Fair Georgia,1.9231,Party of Future,0,Tortladze Democratic Party,1.9231,United National Movement,96.1538
2010 Parliamentary Bi-election - Majoritarian,Precinct,1,60-1,Total Turnout (%),44.9098,Total Turnout (#),697,CDM,NULL,Nikoloz Ivanishvili Public Democrats,NULL,Movement for Fair Georgia,9.8996,Party of Future,NULL,Tortladze Democratic Party,3.4433,United National Movement,86.6571
2010 Parliamentary Bi-election - Majoritarian,Precinct,2,60-2,Total Turnout (%),38.7603,Total Turnout (#),519,CDM,NULL,Nikoloz Ivanishvili Public Democrats,NULL,Movement for Fair Georgia,19.6532,Party of Future,NULL,Tortladze Democratic Party,4.2389,United National Movement,76.1079
2010 Parliamentary Bi-election - Majoritarian,Precinct,3,60-3,Total Turnout (%),42.0959,Total Turnout (#),474,CDM,NULL,Nikoloz Ivanishvili Public Democrats,NULL,Movement for Fair Georgia,18.9873,Party of Future,NULL,Tortladze Democratic Party,4.2194,United National Movement,76.7932
2010 Parliamentary Bi-election - Majoritarian,Precinct,4,60-4,Total Turnout (%),48.1672,Total Turnout (#),657,CDM,NULL,Nikoloz Ivanishvili Public Democrats,NULL,Movement for Fair Georgia,28.7671,Party of Future,NULL,Tortladze Democratic Party,2.8919,United National Movement,68.3409
2010 Parliamentary Bi-election - Majoritarian,Precinct,5,60-5,Total Turnout (%),41.0039,Total Turnout (#),531,CDM,NULL,Nikoloz Ivanishvili Public Democrats,NULL,Movement for Fair Georgia,15.4426,Party of Future,NULL,Tortladze Democratic Party,2.0716,United National Movement,82.4859
2010 Parliamentary Bi-election - Majoritarian,Precinct,6,60-6,Total Turnout (%),45.2091,Total Turnout (#),519,CDM,NULL,Nikoloz Ivanishvili Public Democrats,NULL,Movement for Fair Georgia,19.0751,Party of Future,NULL,Tortladze Democratic Party,3.8536,United National Movement,77.0713
2010 Parliamentary Bi-election - Majoritarian,Precinct,7,60-7,Total Turnout (%),38.3172,Total Turnout (#),592,CDM,NULL,Nikoloz Ivanishvili Public Democrats,NULL,Movement for Fair Georgia,20.2703,Party of Future,NULL,Tortladze Democratic Party,3.8851,United National Movement,75.8446
2010 Parliamentary Bi-election - Majoritarian,Precinct,8,60-8,Total Turnout (%),43.2577,Total Turnout (#),648,CDM,NULL,Nikoloz Ivanishvili Public Democrats,NULL,Movement for Fair Georgia,17.9012,Party of Future,NULL,Tortladze Democratic Party,2.9321,United National Movement,79.1667
2010 Parliamentary Bi-election - Majoritarian,Precinct,9,60-9,Total Turnout (%),44.9288,Total Turnout (#),505,CDM,NULL,Nikoloz Ivanishvili Public Democrats,NULL,Movement for Fair Georgia,15.2475,Party of Future,NULL,Tortladze Democratic Party,3.7624,United National Movement,80.9901
2010 Parliamentary Bi-election - Majoritarian,Precinct,10,60-10,Total Turnout (%),41.118,Total Turnout (#),331,CDM,NULL,Nikoloz Ivanishvili Public Democrats,NULL,Movement for Fair Georgia,26.284,Party of Future,NULL,Tortladze Democratic Party,3.9275,United National Movement,69.7885
2010 Parliamentary Bi-election - Majoritarian,Precinct,11,60-11,Total Turnout (%),37.6793,Total Turnout (#),578,CDM,NULL,Nikoloz Ivanishvili Public Democrats,NULL,Movement for Fair Georgia,20.0692,Party of Future,NULL,Tortladze Democratic Party,4.6713,United National Movement,75.2595
2010 Parliamentary Bi-election - Majoritarian,Precinct,12,60-12,Total Turnout (%),47.5396,Total Turnout (#),570,CDM,NULL,Nikoloz Ivanishvili Public Democrats,NULL,Movement for Fair Georgia,18.4211,Party of Future,NULL,Tortladze Democratic Party,2.4561,United National Movement,79.1228
2010 Parliamentary Bi-election - Majoritarian,Precinct,13,60-13,Total Turnout (%),43.9716,Total Turnout (#),434,CDM,NULL,Nikoloz Ivanishvili Public Democrats,NULL,Movement for Fair Georgia,16.5899,Party of Future,NULL,Tortladze Democratic Party,4.8387,United National Movement,78.5714
2010 Parliamentary Bi-election - Majoritarian,Precinct,14,60-14,Total Turnout (%),54.3228,Total Turnout (#),377,CDM,NULL,Nikoloz Ivanishvili Public Democrats,NULL,Movement for Fair Georgia,25.1989,Party of Future,NULL,Tortladze Democratic Party,6.1008,United National Movement,68.7003
2010 Parliamentary Bi-election - Majoritarian,Precinct,15,60-15,Total Turnout (%),67.2176,Total Turnout (#),244,CDM,NULL,Nikoloz Ivanishvili Public Democrats,NULL,Movement for Fair Georgia,9.8361,Party of Future,NULL,Tortladze Democratic Party,2.0492,United National Movement,88.1148
2010 Parliamentary Bi-election - Majoritarian,Precinct,16,60-16,Total Turnout (%),59.3876,Total Turnout (#),737,CDM,NULL,Nikoloz Ivanishvili Public Democrats,NULL,Movement for Fair Georgia,4.6133,Party of Future,NULL,Tortladze Democratic Party,3.1208,United National Movement,92.2659
2010 Parliamentary Bi-election - Majoritarian,Precinct,17,60-17,Total Turnout (%),47.0516,Total Turnout (#),383,CDM,NULL,Nikoloz Ivanishvili Public Democrats,NULL,Movement for Fair Georgia,20.6266,Party of Future,NULL,Tortladze Democratic Party,2.3499,United National Movement,77.0235
2010 Parliamentary Bi-election - Majoritarian,Precinct,18,60-18,Total Turnout (%),80.4878,Total Turnout (#),231,CDM,NULL,Nikoloz Ivanishvili Public Democrats,NULL,Movement for Fair Georgia,18.1818,Party of Future,NULL,Tortladze Democratic Party,9.5238,United National Movement,72.2944
2010 Parliamentary Bi-election - Majoritarian,Precinct,19,60-19,Total Turnout (%),56.3765,Total Turnout (#),557,CDM,NULL,Nikoloz Ivanishvili Public Democrats,NULL,Movement for Fair Georgia,20.6463,Party of Future,NULL,Tortladze Democratic Party,3.4111,United National Movement,75.9425
2010 Parliamentary Bi-election - Majoritarian,Precinct,20,60-20,Total Turnout (%),52.3767,Total Turnout (#),584,CDM,NULL,Nikoloz Ivanishvili Public Democrats,NULL,Movement for Fair Georgia,15.0685,Party of Future,NULL,Tortladze Democratic Party,3.4247,United National Movement,81.5068
2010 Parliamentary Bi-election - Majoritarian,Precinct,21,60-21,Total Turnout (%),57.0406,Total Turnout (#),478,CDM,NULL,Nikoloz Ivanishvili Public Democrats,NULL,Movement for Fair Georgia,12.9707,Party of Future,NULL,Tortladze Democratic Party,2.7197,United National Movement,84.3096
2010 Parliamentary Bi-election - Majoritarian,Precinct,22,60-22,Total Turnout (%),57.2043,Total Turnout (#),266,CDM,NULL,Nikoloz Ivanishvili Public Democrats,NULL,Movement for Fair Georgia,9.3985,Party of Future,NULL,Tortladze Democratic Party,1.8797,United National Movement,88.7218
2010 Parliamentary Bi-election - Majoritarian,Precinct,23,60-23,Total Turnout (%),50.6633,Total Turnout (#),802,CDM,NULL,Nikoloz Ivanishvili Public Democrats,NULL,Movement for Fair Georgia,13.8404,Party of Future,NULL,Tortladze Democratic Party,4.9875,United National Movement,81.1721
2010 Parliamentary Bi-election - Majoritarian,Precinct,24,60-24,Total Turnout (%),49.4429,Total Turnout (#),710,CDM,NULL,Nikoloz Ivanishvili Public Democrats,NULL,Movement for Fair Georgia,23.3803,Party of Future,NULL,Tortladze Democratic Party,6.338,United National Movement,70.2817
2010 Parliamentary Bi-election - Majoritarian,Precinct,25,60-25,Total Turnout (%),55.891,Total Turnout (#),759,CDM,NULL,Nikoloz Ivanishvili Public Democrats,NULL,Movement for Fair Georgia,21.6074,Party of Future,NULL,Tortladze Democratic Party,1.8445,United National Movement,76.5481
2010 Parliamentary Bi-election - Majoritarian,Precinct,26,60-26,Total Turnout (%),56.4138,Total Turnout (#),409,CDM,NULL,Nikoloz Ivanishvili Public Democrats,NULL,Movement for Fair Georgia,37.6528,Party of Future,NULL,Tortladze Democratic Party,4.89,United National Movement,57.4572
2010 Parliamentary Bi-election - Majoritarian,Precinct,27,60-27,Total Turnout (%),47.8022,Total Turnout (#),348,CDM,NULL,Nikoloz Ivanishvili Public Democrats,NULL,Movement for Fair Georgia,23.8506,Party of Future,NULL,Tortladze Democratic Party,3.7356,United National Movement,72.4138
2010 Parliamentary Bi-election - Majoritarian,Precinct,28,60-28,Total Turnout (%),66.8076,Total Turnout (#),316,CDM,NULL,Nikoloz Ivanishvili Public Democrats,NULL,Movement for Fair Georgia,17.7215,Party of Future,NULL,Tortladze Democratic Party,4.1139,United National Movement,78.1646
2010 Parliamentary Bi-election - Majoritarian,Precinct,29,60-29,Total Turnout (%),58.3859,Total Turnout (#),463,CDM,NULL,Nikoloz Ivanishvili Public Democrats,NULL,Movement for Fair Georgia,38.2289,Party of Future,NULL,Tortladze Democratic Party,6.0475,United National Movement,55.7235
2010 Parliamentary Bi-election - Majoritarian,Precinct,30,60-30,Total Turnout (%),42.0472,Total Turnout (#),534,CDM,NULL,Nikoloz Ivanishvili Public Democrats,NULL,Movement for Fair Georgia,36.5169,Party of Future,NULL,Tortladze Democratic Party,5.9925,United National Movement,57.4906
2010 Parliamentary Bi-election - Majoritarian,Precinct,31,60-31,Total Turnout (%),56.4945,Total Turnout (#),722,CDM,NULL,Nikoloz Ivanishvili Public Democrats,NULL,Movement for Fair Georgia,33.518,Party of Future,NULL,Tortladze Democratic Party,3.8781,United National Movement,62.6039
2010 Parliamentary Bi-election - Majoritarian,Precinct,32,60-32,Total Turnout (%),59.713,Total Turnout (#),541,CDM,NULL,Nikoloz Ivanishvili Public Democrats,NULL,Movement for Fair Georgia,30.1294,Party of Future,NULL,Tortladze Democratic Party,4.8059,United National Movement,65.0647
2010 Parliamentary Bi-election - Majoritarian,Precinct,33,60-33,Total Turnout (%),50.1271,Total Turnout (#),789,CDM,NULL,Nikoloz Ivanishvili Public Democrats,NULL,Movement for Fair Georgia,16.9835,Party of Future,NULL,Tortladze Democratic Party,5.8302,United National Movement,77.1863
2010 Parliamentary Bi-election - Majoritarian,Precinct,34,60-34,Total Turnout (%),50.5435,Total Turnout (#),651,CDM,NULL,Nikoloz Ivanishvili Public Democrats,NULL,Movement for Fair Georgia,26.7281,Party of Future,NULL,Tortladze Democratic Party,6.1444,United National Movement,67.1275
2010 Parliamentary Bi-election - Majoritarian,Precinct,35,60-35,Total Turnout (%),43.5845,Total Turnout (#),642,CDM,NULL,Nikoloz Ivanishvili Public Democrats,NULL,Movement for Fair Georgia,29.4393,Party of Future,NULL,Tortladze Democratic Party,3.8941,United National Movement,66.6667
2010 Parliamentary Bi-election - Majoritarian,Precinct,36,60-36,Total Turnout (%),46.4714,Total Turnout (#),349,CDM,NULL,Nikoloz Ivanishvili Public Democrats,NULL,Movement for Fair Georgia,22.9226,Party of Future,NULL,Tortladze Democratic Party,7.1633,United National Movement,69.914
2010 Parliamentary Bi-election - Majoritarian,Precinct,37,60-37,Total Turnout (%),39.6158,Total Turnout (#),330,CDM,NULL,Nikoloz Ivanishvili Public Democrats,NULL,Movement for Fair Georgia,24.5455,Party of Future,NULL,Tortladze Democratic Party,7.8788,United National Movement,67.5758
2010 Parliamentary Bi-election - Majoritarian,Precinct,38,60-38,Total Turnout (%),57.3913,Total Turnout (#),396,CDM,NULL,Nikoloz Ivanishvili Public Democrats,NULL,Movement for Fair Georgia,17.4242,Party of Future,NULL,Tortladze Democratic Party,2.5253,United National Movement,80.0505
2010 Parliamentary Bi-election - Majoritarian,Precinct,39,60-39,Total Turnout (%),43.9873,Total Turnout (#),417,CDM,NULL,Nikoloz Ivanishvili Public Democrats,NULL,Movement for Fair Georgia,11.9904,Party of Future,NULL,Tortladze Democratic Party,6.235,United National Movement,81.7746
2010 Parliamentary Bi-election - Majoritarian,Precinct,40,60-40,Total Turnout (%),47.9042,Total Turnout (#),720,CDM,NULL,Nikoloz Ivanishvili Public Democrats,NULL,Movement for Fair Georgia,12.7778,Party of Future,NULL,Tortladze Democratic Party,4.1667,United National Movement,83.0556
2010 Parliamentary Bi-election - Majoritarian,Precinct,41,60-41,Total Turnout (%),52.3601,Total Turnout (#),599,CDM,NULL,Nikoloz Ivanishvili Public Democrats,NULL,Movement for Fair Georgia,18.0301,Party of Future,NULL,Tortladze Democratic Party,4.8414,United National Movement,77.1285
2010 Parliamentary Bi-election - Majoritarian,Precinct,42,60-42,Total Turnout (%),44.4444,Total Turnout (#),576,CDM,NULL,Nikoloz Ivanishvili Public Democrats,NULL,Movement for Fair Georgia,22.0486,Party of Future,NULL,Tortladze Democratic Party,4.5139,United National Movement,73.4375
2010 Parliamentary Bi-election - Majoritarian,Precinct,43,60-43,Total Turnout (%),56.0928,Total Turnout (#),870,CDM,NULL,Nikoloz Ivanishvili Public Democrats,NULL,Movement for Fair Georgia,15.1724,Party of Future,NULL,Tortladze Democratic Party,3.4483,United National Movement,81.3793
2010 Parliamentary Bi-election - Majoritarian,Precinct,44,60-44,Total Turnout (%),60.5814,Total Turnout (#),521,CDM,NULL,Nikoloz Ivanishvili Public Democrats,NULL,Movement for Fair Georgia,3.8388,Party of Future,NULL,Tortladze Democratic Party,2.3033,United National Movement,93.858
2010 Parliamentary Bi-election - Majoritarian,Precinct,45,60-45,Total Turnout (%),54.4628,Total Turnout (#),659,CDM,NULL,Nikoloz Ivanishvili Public Democrats,NULL,Movement for Fair Georgia,11.2291,Party of Future,NULL,Tortladze Democratic Party,2.2762,United National Movement,86.4947
2010 Parliamentary Bi-election - Majoritarian,Precinct,46,60-46,Total Turnout (%),65.6195,Total Turnout (#),376,CDM,NULL,Nikoloz Ivanishvili Public Democrats,NULL,Movement for Fair Georgia,11.1702,Party of Future,NULL,Tortladze Democratic Party,1.5957,United National Movement,87.234
2010 Parliamentary Bi-election - Majoritarian,Precinct,47,60-47,Total Turnout (%),55.8923,Total Turnout (#),498,CDM,NULL,Nikoloz Ivanishvili Public Democrats,NULL,Movement for Fair Georgia,4.4177,Party of Future,NULL,Tortladze Democratic Party,12.8514,United National Movement,82.7309
2010 Parliamentary Bi-election - Majoritarian,Precinct,48,60-48,Total Turnout (%),45.6403,Total Turnout (#),670,CDM,NULL,Nikoloz Ivanishvili Public Democrats,NULL,Movement for Fair Georgia,27.4627,Party of Future,NULL,Tortladze Democratic Party,6.5672,United National Movement,65.9701
2010 Parliamentary Bi-election - Majoritarian,Precinct,49,60-49,Total Turnout (%),36.4424,Total Turnout (#),547,CDM,NULL,Nikoloz Ivanishvili Public Democrats,NULL,Movement for Fair Georgia,24.6801,Party of Future,NULL,Tortladze Democratic Party,11.5174,United National Movement,63.8026
2010 Parliamentary Bi-election - Majoritarian,Precinct,50,60-50,Total Turnout (%),48.5023,Total Turnout (#),421,CDM,NULL,Nikoloz Ivanishvili Public Democrats,NULL,Movement for Fair Georgia,20.9026,Party of Future,NULL,Tortladze Democratic Party,4.038,United National Movement,75.0594
2010 Parliamentary Bi-election - Majoritarian,Precinct,51,60-51,Total Turnout (%),47.0109,Total Turnout (#),346,CDM,NULL,Nikoloz Ivanishvili Public Democrats,NULL,Movement for Fair Georgia,18.2081,Party of Future,NULL,Tortladze Democratic Party,7.5145,United National Movement,74.2775
2010 Parliamentary Bi-election - Majoritarian,Precinct,52,60-52,Total Turnout (%),56.4698,Total Turnout (#),851,CDM,NULL,Nikoloz Ivanishvili Public Democrats,NULL,Movement for Fair Georgia,16.3337,Party of Future,NULL,Tortladze Democratic Party,7.168,United National Movement,76.4982
2010 Parliamentary Bi-election - Majoritarian,Precinct,53,60-53,Total Turnout (%),61.8545,Total Turnout (#),527,CDM,NULL,Nikoloz Ivanishvili Public Democrats,NULL,Movement for Fair Georgia,17.6471,Party of Future,NULL,Tortladze Democratic Party,4.5541,United National Movement,77.7989
2010 Parliamentary Bi-election - Majoritarian,Precinct,54,60-54,Total Turnout (%),62.3301,Total Turnout (#),642,CDM,NULL,Nikoloz Ivanishvili Public Democrats,NULL,Movement for Fair Georgia,9.19,Party of Future,NULL,Tortladze Democratic Party,6.0748,United National Movement,84.7352
2010 Parliamentary Bi-election - Majoritarian,Precinct,55,60-55,Total Turnout (%),39.6523,Total Turnout (#),479,CDM,NULL,Nikoloz Ivanishvili Public Democrats,NULL,Movement for Fair Georgia,24.6347,Party of Future,NULL,Tortladze Democratic Party,3.3403,United National Movement,72.0251
2010 Parliamentary Bi-election - Majoritarian,Precinct,56,60-56,Total Turnout (%),40.6752,Total Turnout (#),506,CDM,NULL,Nikoloz Ivanishvili Public Democrats,NULL,Movement for Fair Georgia,16.4032,Party of Future,NULL,Tortladze Democratic Party,1.9763,United National Movement,81.6206
2010 Parliamentary Bi-election - Majoritarian,Precinct,57,60-57,Total Turnout (%),42.2446,Total Turnout (#),335,CDM,NULL,Nikoloz Ivanishvili Public Democrats,NULL,Movement for Fair Georgia,22.6866,Party of Future,NULL,Tortladze Democratic Party,5.6716,United National Movement,71.6418
2010 Parliamentary Bi-election - Majoritarian,Precinct,58,60-58,Total Turnout (%),49.4687,Total Turnout (#),419,CDM,NULL,Nikoloz Ivanishvili Public Democrats,NULL,Movement for Fair Georgia,18.1384,Party of Future,NULL,Tortladze Democratic Party,1.9093,United National Movement,79.9523
2010 Parliamentary Bi-election - Majoritarian,Precinct,59,60-59,Total Turnout (%),43.61,Total Turnout (#),331,CDM,NULL,Nikoloz Ivanishvili Public Democrats,NULL,Movement for Fair Georgia,4.2296,Party of Future,NULL,Tortladze Democratic Party,6.0423,United National Movement,89.7281
2010 Parliamentary Bi-election - Majoritarian,Precinct,60,60-60,Total Turnout (%),54.1367,Total Turnout (#),301,CDM,NULL,Nikoloz Ivanishvili Public Democrats,NULL,Movement for Fair Georgia,23.2558,Party of Future,NULL,Tortladze Democratic Party,1.3289,United National Movement,75.4153
2010 Parliamentary Bi-election - Majoritarian,Precinct,61,60-61,Total Turnout (%),50.885,Total Turnout (#),345,CDM,NULL,Nikoloz Ivanishvili Public Democrats,NULL,Movement for Fair Georgia,20,Party of Future,NULL,Tortladze Democratic Party,5.7971,United National Movement,74.2029
2010 Parliamentary Bi-election - Majoritarian,Precinct,62,60-62,Total Turnout (%),32.3991,Total Turnout (#),289,CDM,NULL,Nikoloz Ivanishvili Public Democrats,NULL,Movement for Fair Georgia,18.6851,Party of Future,NULL,Tortladze Democratic Party,5.5363,United National Movement,75.7785
2010 Parliamentary Bi-election - Majoritarian,Tbilisi Precinct,1,7-1,Total Turnout (%),48.2542,Total Turnout (#),691,CDM,28.0753,Nikoloz Ivanishvili Public Democrats,16.0637,Movement for Fair Georgia,7.9595,Party of Future,NULL,Tortladze Democratic Party,1.8813,United National Movement,46.0203
2010 Parliamentary Bi-election - Majoritarian,Tbilisi Precinct,2,7-2,Total Turnout (%),48.9015,Total Turnout (#),601,CDM,15.807,Nikoloz Ivanishvili Public Democrats,13.1448,Movement for Fair Georgia,3.9933,Party of Future,NULL,Tortladze Democratic Party,1.6639,United National Movement,65.391
2010 Parliamentary Bi-election - Majoritarian,Tbilisi Precinct,3,7-3,Total Turnout (%),42.7865,Total Turnout (#),519,CDM,23.5067,Nikoloz Ivanishvili Public Democrats,15.6069,Movement for Fair Georgia,8.8632,Party of Future,NULL,Tortladze Democratic Party,2.6975,United National Movement,49.3256
2010 Parliamentary Bi-election - Majoritarian,Tbilisi Precinct,4,7-4,Total Turnout (%),47.3464,Total Turnout (#),678,CDM,9.587,Nikoloz Ivanishvili Public Democrats,5.1622,Movement for Fair Georgia,4.4248,Party of Future,NULL,Tortladze Democratic Party,1.0324,United National Movement,79.7935
2010 Parliamentary Bi-election - Majoritarian,Tbilisi Precinct,5,7-5,Total Turnout (%),37.2917,Total Turnout (#),537,CDM,15.0838,Nikoloz Ivanishvili Public Democrats,7.0764,Movement for Fair Georgia,1.8622,Party of Future,NULL,Tortladze Democratic Party,0.7449,United National Movement,75.2328
2010 Parliamentary Bi-election - Majoritarian,Tbilisi Precinct,6,7-6,Total Turnout (%),41.8848,Total Turnout (#),560,CDM,15.8929,Nikoloz Ivanishvili Public Democrats,6.9643,Movement for Fair Georgia,6.4286,Party of Future,NULL,Tortladze Democratic Party,1.0714,United National Movement,69.6429
2010 Parliamentary Bi-election - Majoritarian,Tbilisi Precinct,7,7-7,Total Turnout (%),51.5172,Total Turnout (#),747,CDM,14.7256,Nikoloz Ivanishvili Public Democrats,7.095,Movement for Fair Georgia,10.7095,Party of Future,NULL,Tortladze Democratic Party,1.3387,United National Movement,66.1312
2010 Parliamentary Bi-election - Majoritarian,Tbilisi Precinct,8,7-8,Total Turnout (%),37.9262,Total Turnout (#),545,CDM,16.3303,Nikoloz Ivanishvili Public Democrats,9.1743,Movement for Fair Georgia,6.6055,Party of Future,NULL,Tortladze Democratic Party,1.1009,United National Movement,66.789
2010 Parliamentary Bi-election - Majoritarian,Tbilisi Precinct,9,7-9,Total Turnout (%),43.4752,Total Turnout (#),613,CDM,17.6183,Nikoloz Ivanishvili Public Democrats,13.7031,Movement for Fair Georgia,4.2414,Party of Future,NULL,Tortladze Democratic Party,3.9152,United National Movement,60.522
2010 Parliamentary Bi-election - Majoritarian,Tbilisi Precinct,10,7-10,Total Turnout (%),43.8253,Total Turnout (#),582,CDM,14.6048,Nikoloz Ivanishvili Public Democrats,10.6529,Movement for Fair Georgia,4.1237,Party of Future,NULL,Tortladze Democratic Party,1.3746,United National Movement,69.244
2010 Parliamentary Bi-election - Majoritarian,Tbilisi Precinct,11,7-11,Total Turnout (%),46.4973,Total Turnout (#),604,CDM,15.2318,Nikoloz Ivanishvili Public Democrats,10.4305,Movement for Fair Georgia,8.1126,Party of Future,NULL,Tortladze Democratic Party,4.6358,United National Movement,61.5894
2010 Parliamentary Bi-election - Majoritarian,Tbilisi Precinct,12,7-12,Total Turnout (%),45.503,Total Turnout (#),597,CDM,18.0905,Nikoloz Ivanishvili Public Democrats,13.2328,Movement for Fair Georgia,6.3652,Party of Future,NULL,Tortladze Democratic Party,2.1776,United National Movement,60.134
2010 Parliamentary Bi-election - Majoritarian,Tbilisi Precinct,13,7-13,Total Turnout (%),42.3401,Total Turnout (#),503,CDM,16.1034,Nikoloz Ivanishvili Public Democrats,13.7177,Movement for Fair Georgia,5.7654,Party of Future,NULL,Tortladze Democratic Party,1.5905,United National Movement,62.8231
2010 Parliamentary Bi-election - Majoritarian,Tbilisi Precinct,14,7-14,Total Turnout (%),61.2033,Total Turnout (#),885,CDM,14.0113,Nikoloz Ivanishvili Public Democrats,8.8136,Movement for Fair Georgia,2.4859,Party of Future,NULL,Tortladze Democratic Party,0.791,United National Movement,73.8983
2010 Parliamentary Bi-election - Majoritarian,Tbilisi Precinct,15,7-15,Total Turnout (%),45.8623,Total Turnout (#),593,CDM,21.0793,Nikoloz Ivanishvili Public Democrats,9.4435,Movement for Fair Georgia,3.3727,Party of Future,NULL,Tortladze Democratic Party,1.855,United National Movement,64.2496
2010 Parliamentary Bi-election - Majoritarian,Tbilisi Precinct,16,7-16,Total Turnout (%),47.5728,Total Turnout (#),686,CDM,23.3236,Nikoloz Ivanishvili Public Democrats,8.8921,Movement for Fair Georgia,5.2478,Party of Future,NULL,Tortladze Democratic Party,2.0408,United National Movement,60.4956
2010 Parliamentary Bi-election - Majoritarian,Tbilisi Precinct,17,7-17,Total Turnout (%),40.0277,Total Turnout (#),578,CDM,17.301,Nikoloz Ivanishvili Public Democrats,11.4187,Movement for Fair Georgia,5.5363,Party of Future,NULL,Tortladze Democratic Party,2.5952,United National Movement,63.1488
2010 Parliamentary Bi-election - Majoritarian,Tbilisi Precinct,18,7-18,Total Turnout (%),46.3868,Total Turnout (#),674,CDM,15.5786,Nikoloz Ivanishvili Public Democrats,8.3086,Movement for Fair Georgia,2.2255,Party of Future,NULL,Tortladze Democratic Party,1.4837,United National Movement,72.4036
2010 Parliamentary Bi-election - Majoritarian,Tbilisi Precinct,19,7-19,Total Turnout (%),44.4068,Total Turnout (#),655,CDM,22.1374,Nikoloz Ivanishvili Public Democrats,7.6336,Movement for Fair Georgia,2.5954,Party of Future,NULL,Tortladze Democratic Party,2.9008,United National Movement,64.7328
2010 Parliamentary Bi-election - Majoritarian,Tbilisi Precinct,20,7-20,Total Turnout (%),57.1116,Total Turnout (#),783,CDM,15.4534,Nikoloz Ivanishvili Public Democrats,7.9183,Movement for Fair Georgia,1.9157,Party of Future,NULL,Tortladze Democratic Party,1.788,United National Movement,72.9246
2010 Parliamentary Bi-election - Majoritarian,Tbilisi Precinct,21,7-21,Total Turnout (%),48.3981,Total Turnout (#),710,CDM,14.9296,Nikoloz Ivanishvili Public Democrats,10.1408,Movement for Fair Georgia,4.3662,Party of Future,NULL,Tortladze Democratic Party,1.9718,United National Movement,68.5915
2010 Parliamentary Bi-election - Majoritarian,Tbilisi Precinct,22,7-22,Total Turnout (%),44.2897,Total Turnout (#),636,CDM,15.0943,Nikoloz Ivanishvili Public Democrats,8.0189,Movement for Fair Georgia,2.9874,Party of Future,NULL,Tortladze Democratic Party,1.4151,United National Movement,72.4843
2010 Parliamentary Bi-election - Majoritarian,Tbilisi Precinct,23,7-23,Total Turnout (%),39.6099,Total Turnout (#),528,CDM,14.2045,Nikoloz Ivanishvili Public Democrats,5.303,Movement for Fair Georgia,3.5985,Party of Future,NULL,Tortladze Democratic Party,1.3258,United National Movement,75.5682
2010 Parliamentary Bi-election - Majoritarian,Tbilisi Precinct,24,7-24,Total Turnout (%),44.42,Total Turnout (#),605,CDM,14.5455,Nikoloz Ivanishvili Public Democrats,8.595,Movement for Fair Georgia,4.4628,Party of Future,NULL,Tortladze Democratic Party,1.9835,United National Movement,70.4132
2010 Parliamentary Bi-election - Majoritarian,Tbilisi Precinct,25,7-25,Total Turnout (%),40.9299,Total Turnout (#),537,CDM,14.3389,Nikoloz Ivanishvili Public Democrats,16.0149,Movement for Fair Georgia,7.4488,Party of Future,NULL,Tortladze Democratic Party,9.8696,United National Movement,52.3277
2010 Parliamentary Bi-election - Majoritarian,Tbilisi Precinct,26,7-26,Total Turnout (%),47.7369,Total Turnout (#),675,CDM,11.5556,Nikoloz Ivanishvili Public Democrats,7.2593,Movement for Fair Georgia,3.7037,Party of Future,NULL,Tortladze Democratic Party,3.7037,United National Movement,73.7778
2010 Parliamentary Bi-election - Majoritarian,Tbilisi Precinct,27,7-27,Total Turnout (%),44.9631,Total Turnout (#),549,CDM,19.49,Nikoloz Ivanishvili Public Democrats,10.929,Movement for Fair Georgia,4.918,Party of Future,NULL,Tortladze Democratic Party,1.8215,United National Movement,62.8415
2010 Parliamentary Bi-election - Majoritarian,Tbilisi Precinct,28,7-28,Total Turnout (%),46.2838,Total Turnout (#),685,CDM,19.1241,Nikoloz Ivanishvili Public Democrats,9.4891,Movement for Fair Georgia,5.5474,Party of Future,NULL,Tortladze Democratic Party,2.6277,United National Movement,63.2117
2010 Parliamentary Bi-election - Majoritarian,Tbilisi Precinct,29,7-29,Total Turnout (%),38.1938,Total Turnout (#),406,CDM,19.9507,Nikoloz Ivanishvili Public Democrats,15.0246,Movement for Fair Georgia,7.6355,Party of Future,NULL,Tortladze Democratic Party,1.4778,United National Movement,55.9113
2010 Parliamentary Bi-election - Majoritarian,Tbilisi Precinct,30,7-30,Total Turnout (%),44.7566,Total Turnout (#),478,CDM,15.272,Nikoloz Ivanishvili Public Democrats,7.7406,Movement for Fair Georgia,2.7197,Party of Future,NULL,Tortladze Democratic Party,1.4644,United National Movement,72.8033
2010 Parliamentary Bi-election - Majoritarian,Tbilisi Precinct,31,7-31,Total Turnout (%),49.1952,Total Turnout (#),703,CDM,17.0697,Nikoloz Ivanishvili Public Democrats,9.5306,Movement for Fair Georgia,3.9829,Party of Future,NULL,Tortladze Democratic Party,1.707,United National Movement,67.7098
2010 Parliamentary Bi-election - Majoritarian,Tbilisi Precinct,32,7-32,Total Turnout (%),47.4727,Total Turnout (#),695,CDM,20.4317,Nikoloz Ivanishvili Public Democrats,5.6115,Movement for Fair Georgia,2.0144,Party of Future,NULL,Tortladze Democratic Party,1.1511,United National Movement,70.7914
2010 Parliamentary Bi-election - Majoritarian,Tbilisi Precinct,33,7-33,Total Turnout (%),38.9877,Total Turnout (#),570,CDM,18.7719,Nikoloz Ivanishvili Public Democrats,8.4211,Movement for Fair Georgia,3.8596,Party of Future,NULL,Tortladze Democratic Party,2.2807,United National Movement,66.6667
2010 Parliamentary Bi-election - Majoritarian,Tbilisi Precinct,34,7-34,Total Turnout (%),42.9094,Total Turnout (#),587,CDM,15.5026,Nikoloz Ivanishvili Public Democrats,9.8807,Movement for Fair Georgia,3.7479,Party of Future,NULL,Tortladze Democratic Party,1.8739,United National Movement,68.9949
2010 Parliamentary Bi-election - Majoritarian,Tbilisi Precinct,35,7-35,Total Turnout (%),50.3486,Total Turnout (#),650,CDM,14.6154,Nikoloz Ivanishvili Public Democrats,7.0769,Movement for Fair Georgia,6.1538,Party of Future,NULL,Tortladze Democratic Party,1.0769,United National Movement,71.0769
2010 Parliamentary Bi-election - Majoritarian,Tbilisi Precinct,36,7-36,Total Turnout (%),43.128,Total Turnout (#),546,CDM,13.5531,Nikoloz Ivanishvili Public Democrats,14.8352,Movement for Fair Georgia,5.6777,Party of Future,NULL,Tortladze Democratic Party,1.6484,United National Movement,64.2857
2010 Parliamentary Bi-election - Majoritarian,Tbilisi Precinct,37,7-37,Total Turnout (%),42.3276,Total Turnout (#),491,CDM,15.6823,Nikoloz Ivanishvili Public Democrats,13.8493,Movement for Fair Georgia,4.277,Party of Future,NULL,Tortladze Democratic Party,0.8147,United National Movement,65.3768
2010 Parliamentary Bi-election - Majoritarian,Tbilisi Precinct,38,7-38,Total Turnout (%),39.5184,Total Turnout (#),558,CDM,17.3835,Nikoloz Ivanishvili Public Democrats,15.233,Movement for Fair Georgia,7.7061,Party of Future,NULL,Tortladze Democratic Party,3.0466,United National Movement,56.6308
2010 Parliamentary Bi-election - Majoritarian,Tbilisi Precinct,39,7-39,Total Turnout (%),66.3855,Total Turnout (#),551,CDM,15.0635,Nikoloz Ivanishvili Public Democrats,2.1779,Movement for Fair Georgia,2.5408,Party of Future,NULL,Tortladze Democratic Party,0.9074,United National Movement,79.3103
2010 Parliamentary Bi-election - Majoritarian,Tbilisi Precinct,40,7-40,Total Turnout (%),41.8279,Total Turnout (#),627,CDM,20.2552,Nikoloz Ivanishvili Public Democrats,10.3668,Movement for Fair Georgia,3.9872,Party of Future,NULL,Tortladze Democratic Party,1.4354,United National Movement,63.9553
2010 Parliamentary Bi-election - Majoritarian,Tbilisi Precinct,41,7-41,Total Turnout (%),43.593,Total Turnout (#),347,CDM,21.3256,Nikoloz Ivanishvili Public Democrats,14.9856,Movement for Fair Georgia,3.7464,Party of Future,NULL,Tortladze Democratic Party,2.5937,United National Movement,57.3487
2010 Parliamentary Bi-election - Majoritarian,Tbilisi Precinct,42,7-42,Total Turnout (%),8.1883,Total Turnout (#),80,CDM,16.25,Nikoloz Ivanishvili Public Democrats,7.5,Movement for Fair Georgia,6.25,Party of Future,NULL,Tortladze Democratic Party,2.5,United National Movement,67.5
2010 Parliamentary Bi-election - Majoritarian,Tbilisi Precinct,43,7-43,Total Turnout (%),6.1372,Total Turnout (#),51,CDM,9.8039,Nikoloz Ivanishvili Public Democrats,3.9216,Movement for Fair Georgia,3.9216,Party of Future,NULL,Tortladze Democratic Party,1.9608,United National Movement,80.3922
