Event, Shape Type,id,name, en: Indicator Name,,,,,,,,,
Release February 2010,District,86,Unknown,Numbers of voters over 99 years old,0,Number of voters between 85 and 99 years old,16,Average age of voters,49.7732095491,Number of voter duplications,0,Total Voters,754
Release February 2010,District,79,Batumi,Numbers of voters over 99 years old,17,Number of voters between 85 and 99 years old,1082,Average age of voters,44.6075260223,Number of voter duplications,183,Total Voters,106351
Release February 2010,District,80,Keda,Numbers of voters over 99 years old,11,Number of voters between 85 and 99 years old,222,Average age of voters,43.739227293,Number of voter duplications,56,Total Voters,15711
Release February 2010,District,81,Kobuleti,Numbers of voters over 99 years old,27,Number of voters between 85 and 99 years old,651,Average age of voters,43.6719918964,Number of voter duplications,147,Total Voters,69105
Release February 2010,District,82,Shuakhevi,Numbers of voters over 99 years old,18,Number of voters between 85 and 99 years old,261,Average age of voters,43.8158477779,Number of voter duplications,38,Total Voters,15346
Release February 2010,District,83,Khelvachauri,Numbers of voters over 99 years old,11,Number of voters between 85 and 99 years old,522,Average age of voters,42.3624061065,Number of voter duplications,167,Total Voters,65766
Release February 2010,District,84,Khulo,Numbers of voters over 99 years old,19,Number of voters between 85 and 99 years old,376,Average age of voters,43.4979610331,Number of voter duplications,200,Total Voters,24277
Release February 2010,District,60,Ozurgeti,Numbers of voters over 99 years old,15,Number of voters between 85 and 99 years old,1119,Average age of voters,47.2021273344,Number of voter duplications,72,Total Voters,65434
Release February 2010,District,61,Lanchkhuti,Numbers of voters over 99 years old,7,Number of voters between 85 and 99 years old,630,Average age of voters,47.8186638735,Number of voter duplications,51,Total Voters,30551
Release February 2010,District,62,Chokhatauri,Numbers of voters over 99 years old,11,Number of voters between 85 and 99 years old,425,Average age of voters,48.6613383482,Number of voter duplications,26,Total Voters,19143
Release February 2010,District,48,Kharagauli,Numbers of voters over 99 years old,0,Number of voters between 85 and 99 years old,507,Average age of voters,49.2947725535,Number of voter duplications,28,Total Voters,20928
Release February 2010,District,49,Terjola,Numbers of voters over 99 years old,16,Number of voters between 85 and 99 years old,717,Average age of voters,48.2586468751,Number of voter duplications,47,Total Voters,34897
Release February 2010,District,50,Sachkhere,Numbers of voters over 99 years old,7,Number of voters between 85 and 99 years old,618,Average age of voters,46.2165142673,Number of voter duplications,74,Total Voters,43526
Release February 2010,District,51,Zestaponi,Numbers of voters over 99 years old,9,Number of voters between 85 and 99 years old,928,Average age of voters,47.1828431118,Number of voter duplications,56,Total Voters,57831
Release February 2010,District,52,Bagdati,Numbers of voters over 99 years old,10,Number of voters between 85 and 99 years old,454,Average age of voters,48.1431449075,Number of voter duplications,33,Total Voters,23829
Release February 2010,District,53,Vani,Numbers of voters over 99 years old,14,Number of voters between 85 and 99 years old,780,Average age of voters,49.1662915638,Number of voter duplications,42,Total Voters,27548
Release February 2010,District,54,Samtredia,Numbers of voters over 99 years old,8,Number of voters between 85 and 99 years old,811,Average age of voters,47.4685715451,Number of voter duplications,66,Total Voters,49032
Release February 2010,District,55,Khoni,Numbers of voters over 99 years old,16,Number of voters between 85 and 99 years old,519,Average age of voters,48.0076857732,Number of voter duplications,50,Total Voters,24721
Release February 2010,District,56,Chiatura,Numbers of voters over 99 years old,11,Number of voters between 85 and 99 years old,836,Average age of voters,47.7242225685,Number of voter duplications,75,Total Voters,46853
Release February 2010,District,57,Tkibuli,Numbers of voters over 99 years old,6,Number of voters between 85 and 99 years old,529,Average age of voters,48.9055162206,Number of voter duplications,30,Total Voters,24999
Release February 2010,District,58,Tskaltubo,Numbers of voters over 99 years old,7,Number of voters between 85 and 99 years old,840,Average age of voters,47.4675664932,Number of voter duplications,60,Total Voters,55344
Release February 2010,District,59,Kutaisi,Numbers of voters over 99 years old,11,Number of voters between 85 and 99 years old,1365,Average age of voters,45.5049287455,Number of voter duplications,173,Total Voters,162516
Release February 2010,District,11,Sagarejo,Numbers of voters over 99 years old,22,Number of voters between 85 and 99 years old,737,Average age of voters,45.0889781348,Number of voter duplications,36,Total Voters,44820
Release February 2010,District,12,Gurjaani,Numbers of voters over 99 years old,10,Number of voters between 85 and 99 years old,861,Average age of voters,47.9171692373,Number of voter duplications,51,Total Voters,56218
Release February 2010,District,13,Signagi,Numbers of voters over 99 years old,3,Number of voters between 85 and 99 years old,678,Average age of voters,49.1189571717,Number of voter duplications,41,Total Voters,32643
Release February 2010,District,14,Dedoplistskaro,Numbers of voters over 99 years old,5,Number of voters between 85 and 99 years old,537,Average age of voters,48.1248190103,Number of voter duplications,31,Total Voters,23482
Release February 2010,District,15,Lagodekhi,Numbers of voters over 99 years old,6,Number of voters between 85 and 99 years old,477,Average age of voters,45.3829733228,Number of voter duplications,102,Total Voters,39397
Release February 2010,District,16,Kvareli,Numbers of voters over 99 years old,7,Number of voters between 85 and 99 years old,440,Average age of voters,46.8143252895,Number of voter duplications,33,Total Voters,29961
Release February 2010,District,17,Telavi,Numbers of voters over 99 years old,11,Number of voters between 85 and 99 years old,873,Average age of voters,46.4109388863,Number of voter duplications,40,Total Voters,57483
Release February 2010,District,18,Akhmeta,Numbers of voters over 99 years old,7,Number of voters between 85 and 99 years old,581,Average age of voters,46.8130297654,Number of voter duplications,18,Total Voters,30438
Release February 2010,District,20,Rustavi,Numbers of voters over 99 years old,7,Number of voters between 85 and 99 years old,667,Average age of voters,44.3265646055,Number of voter duplications,120,Total Voters,106865
Release February 2010,District,21,Gardabani,Numbers of voters over 99 years old,27,Number of voters between 85 and 99 years old,713,Average age of voters,43.8406643599,Number of voter duplications,81,Total Voters,72250
Release February 2010,District,22,Marneuli,Numbers of voters over 99 years old,11,Number of voters between 85 and 99 years old,901,Average age of voters,42.6455331412,Number of voter duplications,124,Total Voters,96466
Release February 2010,District,23,Bolnisi,Numbers of voters over 99 years old,24,Number of voters between 85 and 99 years old,678,Average age of voters,43.8975214656,Number of voter duplications,87,Total Voters,57534
Release February 2010,District,24,Dmanisi,Numbers of voters over 99 years old,21,Number of voters between 85 and 99 years old,373,Average age of voters,45.9041989579,Number of voter duplications,20,Total Voters,22839
Release February 2010,District,25,Tsalka,Numbers of voters over 99 years old,10,Number of voters between 85 and 99 years old,581,Average age of voters,48.5807793345,Number of voter duplications,17,Total Voters,22840
Release February 2010,District,26,Tetritskaro,Numbers of voters over 99 years old,9,Number of voters between 85 and 99 years old,592,Average age of voters,49.222442712,Number of voter duplications,24,Total Voters,21165
Release February 2010,District,19,Tianeti,Numbers of voters over 99 years old,8,Number of voters between 85 and 99 years old,306,Average age of voters,48.7248408739,Number of voter duplications,14,Total Voters,11626
Release February 2010,District,27,Mtskheta,Numbers of voters over 99 years old,6,Number of voters between 85 and 99 years old,453,Average age of voters,45.4769858374,Number of voter duplications,34,Total Voters,38976
Release February 2010,District,28,Dusheti,Numbers of voters over 99 years old,16,Number of voters between 85 and 99 years old,582,Average age of voters,47.8077908379,Number of voter duplications,42,Total Voters,26544
Release February 2010,District,29,Kazbegi,Numbers of voters over 99 years old,0,Number of voters between 85 and 99 years old,77,Average age of voters,46.1309127249,Number of voter duplications,17,Total Voters,6004
Release February 2010,District,31,Akhalgori,Numbers of voters over 99 years old,2,Number of voters between 85 and 99 years old,134,Average age of voters,48.8780886925,Number of voter duplications,8,Total Voters,6111
Release February 2010,District,43,Oni,Numbers of voters over 99 years old,2,Number of voters between 85 and 99 years old,261,Average age of voters,52.8184373243,Number of voter duplications,11,Total Voters,7116
Release February 2010,District,44,Ambrolauri,Numbers of voters over 99 years old,7,Number of voters between 85 and 99 years old,445,Average age of voters,53.313201581,Number of voter duplications,12,Total Voters,12650
Release February 2010,District,45,Tsageri,Numbers of voters over 99 years old,3,Number of voters between 85 and 99 years old,369,Average age of voters,50.415178217,Number of voter duplications,27,Total Voters,12597
Release February 2010,District,46,Lentekhi,Numbers of voters over 99 years old,4,Number of voters between 85 and 99 years old,146,Average age of voters,48.6344656172,Number of voter duplications,10,Total Voters,6035
Release February 2010,District,47,Mestia,Numbers of voters over 99 years old,19,Number of voters between 85 and 99 years old,279,Average age of voters,47.0886504141,Number of voter duplications,25,Total Voters,8573
Release February 2010,District,63,Abasha,Numbers of voters over 99 years old,1,Number of voters between 85 and 99 years old,424,Average age of voters,48.1226198515,Number of voter duplications,21,Total Voters,22215
Release February 2010,District,64,Senaki,Numbers of voters over 99 years old,8,Number of voters between 85 and 99 years old,629,Average age of voters,47.2321224423,Number of voter duplications,41,Total Voters,42861
Release February 2010,District,65,Martvili,Numbers of voters over 99 years old,9,Number of voters between 85 and 99 years old,665,Average age of voters,48.0705982421,Number of voter duplications,53,Total Voters,35270
Release February 2010,District,66,Khobi,Numbers of voters over 99 years old,16,Number of voters between 85 and 99 years old,417,Average age of voters,46.8446714651,Number of voter duplications,35,Total Voters,30149
Release February 2010,District,67,Zugdidi,Numbers of voters over 99 years old,86,Number of voters between 85 and 99 years old,2269,Average age of voters,47.283614752,Number of voter duplications,142,Total Voters,130233
Release February 2010,District,68,Tsalenjikha,Numbers of voters over 99 years old,18,Number of voters between 85 and 99 years old,599,Average age of voters,47.1768932941,Number of voter duplications,73,Total Voters,32285
Release February 2010,District,69,Chkhorotsku,Numbers of voters over 99 years old,10,Number of voters between 85 and 99 years old,396,Average age of voters,47.2539414176,Number of voter duplications,36,Total Voters,23659
Release February 2010,District,70,Poti,Numbers of voters over 99 years old,4,Number of voters between 85 and 99 years old,434,Average age of voters,45.8160861305,Number of voter duplications,33,Total Voters,39477
Release February 2010,District,36,Borjomi,Numbers of voters over 99 years old,3,Number of voters between 85 and 99 years old,452,Average age of voters,46.7991697681,Number of voter duplications,47,Total Voters,27944
Release February 2010,District,37,Akhaltsikhe,Numbers of voters over 99 years old,17,Number of voters between 85 and 99 years old,590,Average age of voters,46.6415445707,Number of voter duplications,43,Total Voters,36515
Release February 2010,District,38,Adigeni,Numbers of voters over 99 years old,0,Number of voters between 85 and 99 years old,223,Average age of voters,45.866762536,Number of voter duplications,20,Total Voters,15994
Release February 2010,District,39,Aspindza,Numbers of voters over 99 years old,3,Number of voters between 85 and 99 years old,165,Average age of voters,46.1722097531,Number of voter duplications,12,Total Voters,9802
Release February 2010,District,40,Akhalkalaki,Numbers of voters over 99 years old,11,Number of voters between 85 and 99 years old,526,Average age of voters,45.3587308439,Number of voter duplications,11,Total Voters,41697
Release February 2010,District,41,Ninotsminda,Numbers of voters over 99 years old,5,Number of voters between 85 and 99 years old,242,Average age of voters,44.1716201999,Number of voter duplications,6,Total Voters,22812
Release February 2010,District,30,Kaspi,Numbers of voters over 99 years old,8,Number of voters between 85 and 99 years old,605,Average age of voters,46.7975665624,Number of voter duplications,24,Total Voters,40601
Release February 2010,District,32,Gori,Numbers of voters over 99 years old,17,Number of voters between 85 and 99 years old,1235,Average age of voters,45.5422600535,Number of voter duplications,103,Total Voters,109962
Release February 2010,District,33,Kareli,Numbers of voters over 99 years old,19,Number of voters between 85 and 99 years old,557,Average age of voters,45.9751998738,Number of voter duplications,50,Total Voters,38024
Release February 2010,District,35,Khashuri,Numbers of voters over 99 years old,6,Number of voters between 85 and 99 years old,652,Average age of voters,45.7535921676,Number of voter duplications,99,Total Voters,50457
Release February 2010,District,85,Liakhvi,Numbers of voters over 99 years old,2,Number of voters between 85 and 99 years old,68,Average age of voters,45.4533881708,Number of voter duplications,15,Total Voters,5106
Release February 2010,District,999,Tbilisi,Numbers of voters over 99 years old,248,Number of voters between 85 and 99 years old,12378,Average age of voters,46.2180219152,Number of voter duplications,1282,Total Voters,997267
Release February 2010,Tbilisi District,1,Mtatsminda,Numbers of voters over 99 years old,16,Number of voters between 85 and 99 years old,897,Average age of voters,47.4670201401,Number of voter duplications,51,Total Voters,50546
Release February 2010,Tbilisi District,2,Vake,Numbers of voters over 99 years old,52,Number of voters between 85 and 99 years old,1708,Average age of voters,47.6684506045,Number of voter duplications,119,Total Voters,98845
Release February 2010,Tbilisi District,3,Saburtalo,Numbers of voters over 99 years old,45,Number of voters between 85 and 99 years old,1895,Average age of voters,46.7974756681,Number of voter duplications,204,Total Voters,122890
Release February 2010,Tbilisi District,4,Krtsanisi,Numbers of voters over 99 years old,11,Number of voters between 85 and 99 years old,498,Average age of voters,45.0377624569,Number of voter duplications,43,Total Voters,44674
Release February 2010,Tbilisi District,5,Isani,Numbers of voters over 99 years old,31,Number of voters between 85 and 99 years old,1291,Average age of voters,45.8549881246,Number of voter duplications,114,Total Voters,114105
Release February 2010,Tbilisi District,6,Samgori,Numbers of voters over 99 years old,30,Number of voters between 85 and 99 years old,1374,Average age of voters,44.7712930817,Number of voter duplications,211,Total Voters,150354
Release February 2010,Tbilisi District,7,Chugureti,Numbers of voters over 99 years old,5,Number of voters between 85 and 99 years old,852,Average age of voters,46.4138462347,Number of voter duplications,90,Total Voters,57113
Release February 2010,Tbilisi District,8,Didube,Numbers of voters over 99 years old,11,Number of voters between 85 and 99 years old,1164,Average age of voters,47.6144167833,Number of voter duplications,106,Total Voters,70737
Release February 2010,Tbilisi District,9,Nadzaladevi,Numbers of voters over 99 years old,21,Number of voters between 85 and 99 years old,1520,Average age of voters,45.7547088194,Number of voter duplications,173,Total Voters,136393
Release February 2010,Tbilisi District,10,Gldani,Numbers of voters over 99 years old,26,Number of voters between 85 and 99 years old,1179,Average age of voters,44.800257239,Number of voter duplications,171,Total Voters,151610
Release February 2010,Region,Unknown,Unknown,Numbers of voters over 99 years old,0,Number of voters between 85 and 99 years old,16,Average age of voters,49.7732095491,Number of voter duplications,0,Total Voters,754
Release February 2010,Region,Adjara,Adjara,Numbers of voters over 99 years old,103,Number of voters between 85 and 99 years old,3114,Average age of voters,43.6158266882,Number of voter duplications,791,Total Voters,296556
Release February 2010,Region,Guria,Guria,Numbers of voters over 99 years old,33,Number of voters between 85 and 99 years old,2174,Average age of voters,47.8940431854,Number of voter duplications,149,Total Voters,115128
Release February 2010,Region,Imereti,Imereti,Numbers of voters over 99 years old,115,Number of voters between 85 and 99 years old,8904,Average age of voters,47.7783920521,Number of voter duplications,734,Total Voters,572024
Release February 2010,Region,Kakheti,Kakheti,Numbers of voters over 99 years old,71,Number of voters between 85 and 99 years old,5184,Average age of voters,46.9588988523,Number of voter duplications,352,Total Voters,314442
Release February 2010,Region,Kvemo Kartli,Kvemo Kartli,Numbers of voters over 99 years old,109,Number of voters between 85 and 99 years old,4505,Average age of voters,45.4882435109,Number of voter duplications,473,Total Voters,399959
Release February 2010,Region,Mtskheta-Mtianeti,Mtskheta-Mtianeti,Numbers of voters over 99 years old,32,Number of voters between 85 and 99 years old,1552,Average age of voters,47.4037237933,Number of voter duplications,115,Total Voters,89261
Release February 2010,Region,Racha-Lechkhumi and Kvemo Svaneti,Racha-Lechkhumi and Kvemo Svaneti,Numbers of voters over 99 years old,16,Number of voters between 85 and 99 years old,1221,Average age of voters,51.2953206849,Number of voter duplications,60,Total Voters,38398
Release February 2010,Region,Samegrelo-Zemo Svaneti,Samegrelo-Zemo Svaneti,Numbers of voters over 99 years old,171,Number of voters between 85 and 99 years old,6112,Average age of voters,47.2099108899,Number of voter duplications,459,Total Voters,364722
Release February 2010,Region,Samtskhe-Javakheti,Samtskhe-Javakheti,Numbers of voters over 99 years old,39,Number of voters between 85 and 99 years old,2198,Average age of voters,45.8350062786,Number of voter duplications,139,Total Voters,154764
Release February 2010,Region,Shida Kartli,Shida Kartli,Numbers of voters over 99 years old,52,Number of voters between 85 and 99 years old,3117,Average age of voters,45.9044013656,Number of voter duplications,291,Total Voters,244150
Release February 2010,Region,Tbilisi,Tbilisi,Numbers of voters over 99 years old,248,Number of voters between 85 and 99 years old,12378,Average age of voters,46.2180219152,Number of voter duplications,1282,Total Voters,997267
Release February 2010,Country,Georgia,Georgia,Numbers of voters over 99 years old,989,Number of voters between 85 and 99 years old,50475,Average age of voters,46.7944902977,Number of voter duplications,4845,Total Voters,3587425
